ue,C_AE,C_UE,C_BS_hist,lambda_UE,lambda_BS,ue_beams,bs_beams
1009,26.07,23.18,"9.84,11.24,12.16,12.83,13.35,13.73,14.01,14.21,14.33,14.46,14.62,14.79,14.96,15.14,15.32,15.49,15.59,15.68,15.78,15.87,15.99,16.12,16.26,16.41,16.48,16.55,16.61,16.68,16.77,16.88,17.00,17.12,17.18,17.23,17.28,17.34,17.42,17.51,17.62,17.71,17.76,17.80,17.85,17.89,17.97,18.05,18.14,18.22,18.26,18.30,18.33,18.38,18.45,18.53,18.61,18.68,18.71,18.74,18.78,18.83,18.88,18.96,19.03,19.09","1.3350,1.2460,1.2324,0.1869","1.6055,1.4668,0.9282,0.0001,0.0001,0.0001,0.0000,0.0000,0.0000,0.0000,0.0000,0.0000,0.0000,0.0000,0.0000,0.0000,0.0000,0.0000,0.0000,0.0000,0.0000,0.0000,0.0000,0.0000,0.0000,0.0000,0.0000,0.0000,0.0000,0.0000,0.0000,0.0000,0.0000,0.0000,0.0000,0.0000,0.0000,0.0000,0.0000,0.0000,0.0000,0.0000,0.0000,0.0000,0.0000,0.0000,0.0000,0.0000,0.0000,0.0000,0.0000,0.0000,0.0000,0.0000,0.0000,0.0000,0.0000,0.0000,0.0000,0.0000,0.0000,0.0000,0.0000,0.0000","12,4,12,12","30,30,30,30,30,30,30,30,30,30,30,30,30,30,30,30,30,30,30,30,30,30,30,30,30,30,30,30,30,30,30,30,30,30,30,30,30,30,30,30,30,30,30,30,30,30,30,30,30,30,30,30,30,30,30,30,30,30,30,30,30,30,30,30"
1010,36.96,31.97,"10.68,12.00,13.18,14.23,15.03,15.69,16.30,16.81,17.20,17.46,17.71,17.95,18.21,18.48,18.77,19.04,19.25,19.42,19.58,19.73,19.89,20.07,20.26,20.46,20.60,20.71,20.83,20.95,21.07,21.21,21.35,21.49,21.60,21.70,21.78,21.88,21.98,22.08,22.20,22.34,22.43,22.51,22.58,22.65,22.73,22.81,22.92,23.05,23.12,23.19,23.26,23.30,23.36,23.45,23.55,23.68,23.73,23.79,23.84,23.90,23.96,24.01,24.12,24.22","0.9073,0.9063,0.8814,0.7517","1.2627,1.2275,0.9814,0.5283,0.0001,0.0001,0.0001,0.0000,0.0000,0.0000,0.0000,0.0000,0.0000,0.0000,0.0000,0.0000,0.0000,0.0000,0.0000,0.0000,0.0000,0.0000,0.0000,0.0000,0.0000,0.0000,0.0000,0.0000,0.0000,0.0000,0.0000,0.0000,0.0000,0.0000,0.0000,0.0000,0.0000,0.0000,0.0000,0.0000,0.0000,0.0000,0.0000,0.0000,0.0000,0.0000,0.0000,0.0000,0.0000,0.0000,0.0000,0.0000,0.0000,0.0000,0.0000,0.0000,0.0000,0.0000,0.0000,0.0000,0.0000,0.0000,0.0000,0.0000","15,4,15,15","31,31,31,31,31,31,31,31,31,31,31,31,31,31,31,31,31,31,31,31,31,31,31,31,31,31,31,31,31,31,31,31,31,31,31,31,31,31,31,31,31,31,31,31,31,31,31,31,31,31,31,31,31,31,31,31,31,31,31,31,31,31,31,31"
1011,24.79,21.03,"11.14,12.30,13.05,13.60,14.03,14.36,14.61,14.82,15.00,15.16,15.32,15.51,15.68,15.85,15.99,16.13,16.26,16.37,16.48,16.59,16.71,16.82,16.92,17.02,17.13,17.21,17.29,17.38,17.46,17.54,17.62,17.70,17.79,17.86,17.92,17.99,18.06,18.12,18.18,18.26,18.33,18.38,18.44,18.49,18.55,18.60,18.65,18.73,18.77,18.83,18.87,18.91,18.97,19.01,19.05,19.12,19.17,19.21,19.25,19.30,19.33,19.37,19.41,19.47","1.4368,1.3103,1.2529,0.0001","1.7745,1.4219,0.8042,0.0001,0.0001,0.0001,0.0001,0.0000,0.0000,0.0000,0.0000,0.0000,0.0000,0.0000,0.0000,0.0000,0.0000,0.0000,0.0000,0.0000,0.0000,0.0000,0.0000,0.0000,0.0000,0.0000,0.0000,0.0000,0.0000,0.0000,0.0000,0.0000,0.0000,0.0000,0.0000,0.0000,0.0000,0.0000,0.0000,0.0000,0.0000,0.0000,0.0000,0.0000,0.0000,0.0000,0.0000,0.0000,0.0000,0.0000,0.0000,0.0000,0.0000,0.0000,0.0000,0.0000,0.0000,0.0000,0.0000,0.0000,0.0000,0.0000,0.0000,0.0000","12,4,12,12","39,39,39,39,39,39,39,39,39,39,39,39,39,39,39,39,39,39,39,39,39,39,39,39,39,39,39,39,39,39,39,39,39,39,39,39,39,39,39,39,39,39,39,39,39,39,39,39,39,39,39,39,39,39,39,39,39,39,39,39,39,39,39,39"
1012,46.18,39.72,"9.29,13.35,15.23,16.78,17.94,18.71,19.31,19.94,20.31,20.67,21.09,21.47,21.82,22.14,22.48,22.65,22.99,23.13,23.31,23.70,24.03,24.25,24.42,24.59,24.76,24.93,25.08,25.24,25.39,25.59,25.77,26.13,26.25,26.40,26.51,26.62,26.78,26.93,27.07,27.12,27.18,27.30,27.40,27.50,27.62,27.69,27.74,27.85,27.94,28.04,28.12,28.20,28.28,28.41,28.51,28.69,28.74,28.83,28.91,28.97,29.06,29.15,29.18,29.21","0.6890,0.6880,0.6866,0.6348","1.0781,1.0361,0.9707,0.9155,0.0001,0.0001,0.0001,0.0001,0.0000,0.0000,0.0000,0.0000,0.0000,0.0000,0.0000,0.0000,0.0000,0.0000,0.0000,0.0000,0.0000,0.0000,0.0000,0.0000,0.0000,0.0000,0.0000,0.0000,0.0000,0.0000,0.0000,0.0000,0.0000,0.0000,0.0000,0.0000,0.0000,0.0000,0.0000,0.0000,0.0000,0.0000,0.0000,0.0000,0.0000,0.0000,0.0000,0.0000,0.0000,0.0000,0.0000,0.0000,0.0000,0.0000,0.0000,0.0000,0.0000,0.0000,0.0000,0.0000,0.0000,0.0000,0.0000,0.0000","11,0,0,0","38,32,38,32,38,32,38,32,32,32,32,38,38,32,32,38,32,38,32,32,32,38,38,32,32,32,38,38,38,32,32,32,32,32,38,38,32,32,32,38,38,32,38,38,32,38,38,32,32,32,38,38,32,32,32,32,38,32,38,38,32,32,38,32"
1013,41.85,36.38,"9.55,14.03,15.68,16.62,17.49,18.18,18.86,19.37,19.83,20.17,20.51,20.86,21.17,21.45,21.72,21.96,22.21,22.41,22.61,22.83,23.03,23.21,23.37,23.53,23.71,23.85,24.00,24.16,24.30,24.43,24.56,24.69,24.82,24.93,25.04,25.15,25.26,25.35,25.46,25.56,25.66,25.75,25.85,25.94,26.02,26.09,26.18,26.27,26.35,26.42,26.50,26.58,26.64,26.70,26.78,26.85,26.92,26.98,27.05,27.10,27.15,27.21,27.28,27.34","0.8286,0.8286,0.7877,0.7477","1.1475,1.1074,1.0156,0.7290,0.0001,0.0001,0.0000,0.0000,0.0000,0.0000,0.0000,0.0000,0.0000,0.0000,0.0000,0.0000,0.0000,0.0000,0.0000,0.0000,0.0000,0.0000,0.0000,0.0000,0.0000,0.0000,0.0000,0.0000,0.0000,0.0000,0.0000,0.0000,0.0000,0.0000,0.0000,0.0000,0.0000,0.0000,0.0000,0.0000,0.0000,0.0000,0.0000,0.0000,0.0000,0.0000,0.0000,0.0000,0.0000,0.0000,0.0000,0.0000,0.0000,0.0000,0.0000,0.0000,0.0000,0.0000,0.0000,0.0000,0.0000,0.0000,0.0000,0.0000","15,1,15,1","38,0,38,38,0,38,0,0,0,0,38,38,38,0,0,0,0,0,38,38,38,0,0,0,0,0,38,38,38,38,0,0,0,0,38,38,38,0,0,0,0,0,38,38,38,0,0,0,0,0,38,38,38,0,0,0,0,38,38,38,0,0,0,0"
1014,29.05,29.52,"10.34,12.21,13.88,15.13,16.09,16.82,17.40,17.82,18.19,18.45,18.65,18.82,19.03,19.26,19.49,19.72,19.92,20.07,20.19,20.30,20.41,20.55,20.70,20.86,21.01,21.11,21.19,21.27,21.36,21.45,21.56,21.69,21.91,21.96,22.03,22.09,22.16,22.20,22.30,22.41,22.50,22.57,22.62,22.68,22.73,22.80,22.88,22.98,23.05,23.10,23.15,23.20,23.25,23.31,23.37,23.46,23.52,23.57,23.61,23.65,23.70,23.74,23.80,23.88","1.6161,1.6105,0.7739,0.0001","1.7129,1.6455,0.6416,0.0001,0.0001,0.0001,0.0001,0.0000,0.0000,0.0000,0.0000,0.0000,0.0000,0.0000,0.0000,0.0000,0.0000,0.0000,0.0000,0.0000,0.0000,0.0000,0.0000,0.0000,0.0000,0.0000,0.0000,0.0000,0.0000,0.0000,0.0000,0.0000,0.0000,0.0000,0.0000,0.0000,0.0000,0.0000,0.0000,0.0000,0.0000,0.0000,0.0000,0.0000,0.0000,0.0000,0.0000,0.0000,0.0000,0.0000,0.0000,0.0000,0.0000,0.0000,0.0000,0.0000,0.0000,0.0000,0.0000,0.0000,0.0000,0.0000,0.0000,0.0000","1,1,1,1","41,41,41,41,41,41,41,41,41,41,41,41,41,41,41,41,41,41,41,41,41,41,41,41,41,41,41,41,41,41,41,41,41,9,41,41,41,24,41,41,41,41,41,41,41,41,41,41,41,41,41,41,41,41,41,41,41,41,41,41,41,41,41,41"
1015,30.44,29.84,"11.47,13.71,15.45,16.71,17.64,18.35,18.88,19.48,19.90,20.15,20.35,20.54,20.74,20.96,21.21,21.49,21.71,21.86,21.98,22.09,22.21,22.34,22.50,22.69,22.84,22.95,23.03,23.11,23.19,23.29,23.40,23.55,23.67,23.75,23.81,23.87,23.94,24.01,24.11,24.24,24.32,24.39,24.44,24.50,24.55,24.61,24.69,24.81,24.88,24.93,24.97,25.02,25.06,25.12,25.19,25.29,25.35,25.39,25.43,25.46,25.51,25.56,25.62,25.71","1.1542,1.1486,1.0107,0.4781","1.6924,1.5283,0.7798,0.0001,0.0001,0.0001,0.0000,0.0000,0.0000,0.0000,0.0000,0.0000,0.0000,0.0000,0.0000,0.0000,0.0000,0.0000,0.0000,0.0000,0.0000,0.0000,0.0000,0.0000,0.0000,0.0000,0.0000,0.0000,0.0000,0.0000,0.0000,0.0000,0.0000,0.0000,0.0000,0.0000,0.0000,0.0000,0.0000,0.0000,0.0000,0.0000,0.0000,0.0000,0.0000,0.0000,0.0000,0.0000,0.0000,0.0000,0.0000,0.0000,0.0000,0.0000,0.0000,0.0000,0.0000,0.0000,0.0000,0.0000,0.0000,0.0000,0.0000,0.0000","4,4,4,4","32,32,32,32,32,32,32,32,32,32,32,32,32,32,32,32,32,32,32,32,32,32,32,32,32,32,32,32,32,32,32,32,32,32,32,32,32,32,32,32,32,32,32,32,32,32,32,32,32,32,32,32,32,32,32,32,32,32,32,32,32,32,32,32"
1016,39.82,37.53,"11.22,13.37,15.10,16.36,17.31,18.06,18.80,19.48,19.90,20.16,20.35,20.55,20.74,20.95,21.20,21.50,21.74,21.89,22.01,22.12,22.23,22.36,22.50,22.69,22.85,22.96,23.04,23.12,23.20,23.29,23.39,23.52,23.65,23.74,23.79,23.85,23.92,23.98,24.06,24.15,24.26,24.33,24.39,24.43,24.48,24.53,24.59,24.67,24.76,24.83,24.88,24.91,24.95,25.00,25.05,25.11,25.21,25.28,25.32,25.36,25.39,25.43,25.48,25.55","0.6791,0.6758,0.6670,0.5908","1.0811,1.0576,0.9839,0.8774,0.0001,0.0001,0.0001,0.0000,0.0000,0.0000,0.0000,0.0000,0.0000,0.0000,0.0000,0.0000,0.0000,0.0000,0.0000,0.0000,0.0000,0.0000,0.0000,0.0000,0.0000,0.0000,0.0000,0.0000,0.0000,0.0000,0.0000,0.0000,0.0000,0.0000,0.0000,0.0000,0.0000,0.0000,0.0000,0.0000,0.0000,0.0000,0.0000,0.0000,0.0000,0.0000,0.0000,0.0000,0.0000,0.0000,0.0000,0.0000,0.0000,0.0000,0.0000,0.0000,0.0000,0.0000,0.0000,0.0000,0.0000,0.0000,0.0000,0.0000","4,4,4,4","17,17,17,17,17,17,17,17,17,17,17,17,17,17,17,17,17,17,17,17,17,17,17,17,17,17,17,17,17,17,17,17,17,17,17,17,17,17,17,17,17,17,17,17,17,17,17,17,17,17,17,17,17,17,17,17,17,17,17,17,17,17,17,17"
1017,55.13,48.79,"11.52,18.06,22.04,23.63,24.52,25.40,26.22,26.99,27.67,28.17,28.59,28.90,29.18,29.49,29.85,30.28,30.66,30.90,31.12,31.33,31.51,31.67,31.88,32.17,32.42,32.60,32.76,32.91,33.04,33.15,33.29,33.52,33.71,33.84,33.98,34.10,34.20,34.28,34.40,34.60,34.74,34.86,34.97,35.06,35.15,35.23,35.33,35.50,35.61,35.71,35.80,35.89,35.96,36.03,36.13,36.29,36.38,36.46,36.54,36.62,36.69,36.75,36.84,36.98","0.7048,0.7045,0.7037,0.6987","1.0528,1.0146,0.9854,0.9473,0.0001,0.0001,0.0001,0.0001,0.0000,0.0000,0.0000,0.0000,0.0000,0.0000,0.0000,0.0000,0.0000,0.0000,0.0000,0.0000,0.0000,0.0000,0.0000,0.0000,0.0000,0.0000,0.0000,0.0000,0.0000,0.0000,0.0000,0.0000,0.0000,0.0000,0.0000,0.0000,0.0000,0.0000,0.0000,0.0000,0.0000,0.0000,0.0000,0.0000,0.0000,0.0000,0.0000,0.0000,0.0000,0.0000,0.0000,0.0000,0.0000,0.0000,0.0000,0.0000,0.0000,0.0000,0.0000,0.0000,0.0000,0.0000,0.0000,0.0000","9,9,9,9","50,24,50,50,50,50,24,50,50,24,24,50,24,50,50,50,50,24,24,50,50,50,50,50,50,24,24,50,50,50,50,50,50,24,24,50,24,50,50,50,50,50,24,50,24,50,50,50,50,50,50,24,24,24,50,50,50,50,50,24,24,50,50,50"
1018,51.70,45.41,"10.98,17.32,19.79,20.65,21.90,22.67,23.31,23.68,24.15,24.74,24.99,25.29,25.65,25.87,26.16,26.39,26.50,27.46,27.78,28.07,28.26,28.41,28.54,28.71,28.93,29.21,29.45,29.66,29.80,29.86,29.87,29.85,30.09,30.32,30.50,30.65,30.77,30.85,30.95,31.06,31.26,31.44,31.60,31.73,31.81,31.88,31.94,32.03,32.18,32.32,32.45,32.54,32.61,32.66,32.74,32.82,33.01,33.10,33.13,33.13,33.20,33.20,33.21,33.21","0.7350,0.7349,0.7319,0.7293","1.0224,1.0137,0.9868,0.9765,0.0001,0.0001,0.0001,0.0001,0.0000,0.0000,0.0000,0.0000,0.0000,0.0000,0.0000,0.0000,0.0000,0.0000,0.0000,0.0000,0.0000,0.0000,0.0000,0.0000,0.0000,0.0000,0.0000,0.0000,0.0000,0.0000,0.0000,0.0000,0.0000,0.0000,0.0000,0.0000,0.0000,0.0000,0.0000,0.0000,0.0000,0.0000,0.0000,0.0000,0.0000,0.0000,0.0000,0.0000,0.0000,0.0000,0.0000,0.0000,0.0000,0.0000,0.0000,0.0000,0.0000,0.0000,0.0000,0.0000,0.0000,0.0000,0.0000,0.0000","5,5,5,13","25,58,25,58,25,25,58,25,25,58,58,58,25,25,25,25,58,58,58,58,25,25,25,25,58,58,58,58,25,25,10,10,25,25,25,25,25,25,25,25,58,58,25,58,25,25,25,25,58,58,25,25,25,25,25,25,58,25,25,10,25,10,10,25"
1019,57.78,48.10,"10.13,15.90,17.72,19.01,19.99,20.80,21.70,22.36,22.97,23.54,23.92,24.22,24.44,24.68,24.94,25.29,25.50,25.82,26.10,26.32,26.49,26.60,27.04,27.28,27.66,28.00,28.25,28.44,28.63,28.78,28.98,29.13,29.24,29.45,29.63,29.83,30.00,30.14,30.26,30.40,30.52,30.65,30.78,30.88,30.98,31.08,31.18,31.27,31.37,31.46,31.55,31.63,31.71,31.78,31.84,31.91,31.97,32.05,32.13,32.20,32.28,32.34,32.39,32.44","0.6206,0.6204,0.6191,0.6157","1.0146,1.0039,0.9984,0.9834,0.0001,0.0001,0.0001,0.0001,0.0000,0.0000,0.0000,0.0000,0.0000,0.0000,0.0000,0.0000,0.0000,0.0000,0.0000,0.0000,0.0000,0.0000,0.0000,0.0000,0.0000,0.0000,0.0000,0.0000,0.0000,0.0000,0.0000,0.0000,0.0000,0.0000,0.0000,0.0000,0.0000,0.0000,0.0000,0.0000,0.0000,0.0000,0.0000,0.0000,0.0000,0.0000,0.0000,0.0000,0.0000,0.0000,0.0000,0.0000,0.0000,0.0000,0.0000,0.0000,0.0000,0.0000,0.0000,0.0000,0.0000,0.0000,0.0000,0.0000","4,13,4,4","17,59,17,17,17,49,17,17,59,17,17,59,59,49,17,49,17,17,17,59,59,59,17,17,17,17,17,17,59,59,17,17,59,17,17,17,49,17,17,17,59,17,17,59,59,17,17,17,59,17,59,59,59,59,17,17,59,17,17,17,17,59,59,17"
1020,48.02,42.35,"10.77,16.21,17.94,18.84,19.99,20.66,21.33,21.89,22.42,22.85,23.17,23.44,23.66,23.92,24.30,24.63,25.02,25.28,25.47,25.61,25.80,25.99,26.19,26.40,26.62,26.79,26.93,27.05,27.18,27.31,27.45,27.61,27.79,27.94,28.04,28.13,28.23,28.33,28.44,28.58,28.72,28.83,28.92,29.00,29.07,29.15,29.25,29.36,29.47,29.57,29.64,29.70,29.77,29.84,29.93,30.02,30.12,30.20,30.26,30.31,30.36,30.42,30.49,30.57","0.7261,0.7256,0.7193,0.6964","1.0703,1.0557,0.9629,0.9116,0.0001,0.0001,0.0001,0.0001,0.0000,0.0000,0.0000,0.0000,0.0000,0.0000,0.0000,0.0000,0.0000,0.0000,0.0000,0.0000,0.0000,0.0000,0.0000,0.0000,0.0000,0.0000,0.0000,0.0000,0.0000,0.0000,0.0000,0.0000,0.0000,0.0000,0.0000,0.0000,0.0000,0.0000,0.0000,0.0000,0.0000,0.0000,0.0000,0.0000,0.0000,0.0000,0.0000,0.0000,0.0000,0.0000,0.0000,0.0000,0.0000,0.0000,0.0000,0.0000,0.0000,0.0000,0.0000,0.0000,0.0000,0.0000,0.0000,0.0000","5,5,5,5","18,2,18,18,2,18,18,18,2,2,2,18,2,18,2,18,18,18,18,18,2,2,18,18,18,2,2,2,2,2,18,18,18,18,2,18,2,2,2,18,18,18,18,2,2,2,18,18,18,18,18,2,2,2,2,18,18,18,18,2,18,18,2,18"
1021,61.97,48.08,"10.64,17.50,19.74,21.41,22.43,23.36,24.08,24.84,25.32,25.69,26.17,26.55,26.92,27.35,27.70,27.94,28.26,28.51,28.76,28.97,29.20,29.42,29.65,29.88,30.07,30.22,30.43,30.58,30.75,30.90,31.14,31.28,31.44,31.49,31.65,31.78,31.91,32.03,32.20,32.36,32.46,32.60,32.68,32.76,32.85,32.93,33.16,33.27,33.35,33.41,33.45,33.54,33.63,33.73,33.86,33.93,34.07,34.14,34.16,34.21,34.28,34.39,34.50,34.53","0.5825,0.5825,0.5820,0.5802","1.0137,1.0117,0.9888,0.9858,0.0001,0.0001,0.0001,0.0001,0.0000,0.0000,0.0000,0.0000,0.0000,0.0000,0.0000,0.0000,0.0000,0.0000,0.0000,0.0000,0.0000,0.0000,0.0000,0.0000,0.0000,0.0000,0.0000,0.0000,0.0000,0.0000,0.0000,0.0000,0.0000,0.0000,0.0000,0.0000,0.0000,0.0000,0.0000,0.0000,0.0000,0.0000,0.0000,0.0000,0.0000,0.0000,0.0000,0.0000,0.0000,0.0000,0.0000,0.0000,0.0000,0.0000,0.0000,0.0000,0.0000,0.0000,0.0000,0.0000,0.0000,0.0000,0.0000,0.0000","9,9,1,9","10,10,10,10,10,10,10,10,10,10,10,10,10,10,10,10,10,10,10,10,10,10,10,10,10,10,10,10,10,10,10,10,10,10,10,10,10,10,10,10,10,10,10,10,10,10,10,10,10,10,10,10,10,10,10,10,10,10,10,8,10,10,10,10"
1022,45.02,44.46,"11.37,15.35,17.53,19.59,21.17,22.19,23.09,23.89,24.42,24.79,25.33,25.47,25.90,26.11,26.46,26.81,26.98,27.23,27.40,27.59,27.81,28.12,28.26,28.44,28.66,28.78,28.99,28.96,29.11,29.28,29.39,29.73,29.78,30.00,30.17,30.08,30.17,30.16,30.26,30.31,30.56,30.73,30.80,30.87,30.95,31.04,31.13,31.20,31.33,31.50,31.56,31.63,31.70,31.78,31.83,31.87,32.01,32.12,32.15,32.21,32.29,32.39,32.42,32.45","0.7256,0.7251,0.7211,0.6484","1.1055,1.0488,1.0166,0.8291,0.0001,0.0001,0.0001,0.0001,0.0000,0.0000,0.0000,0.0000,0.0000,0.0000,0.0000,0.0000,0.0000,0.0000,0.0000,0.0000,0.0000,0.0000,0.0000,0.0000,0.0000,0.0000,0.0000,0.0000,0.0000,0.0000,0.0000,0.0000,0.0000,0.0000,0.0000,0.0000,0.0000,0.0000,0.0000,0.0000,0.0000,0.0000,0.0000,0.0000,0.0000,0.0000,0.0000,0.0000,0.0000,0.0000,0.0000,0.0000,0.0000,0.0000,0.0000,0.0000,0.0000,0.0000,0.0000,0.0000,0.0000,0.0000,0.0000,0.0000","5,5,5,5","18,18,18,18,18,18,18,18,18,18,8,18,18,18,18,18,18,18,18,18,18,8,18,18,18,18,18,18,18,18,18,8,18,18,18,57,24,18,18,18,18,18,8,8,8,18,18,18,18,18,8,8,8,18,18,18,18,18,8,8,8,18,8,8"
1023,49.08,39.87,"11.13,14.77,16.59,18.15,19.28,20.11,20.73,21.45,21.93,22.31,22.63,22.91,23.19,23.43,23.74,24.07,24.31,24.54,24.74,24.92,25.07,25.21,25.36,25.57,25.78,25.92,26.07,26.19,26.25,26.36,26.51,26.68,26.73,27.00,27.13,27.19,27.30,27.36,27.49,27.62,27.78,27.89,28.01,28.05,28.15,28.27,28.35,28.49,28.60,28.72,28.81,28.91,28.94,28.97,29.00,29.10,29.20,29.30,29.35,29.37,29.43,29.47,29.48,29.48","0.6289,0.6279,0.6239,0.6127","1.0957,1.0488,0.9849,0.8701,0.0001,0.0001,0.0001,0.0001,0.0000,0.0000,0.0000,0.0000,0.0000,0.0000,0.0000,0.0000,0.0000,0.0000,0.0000,0.0000,0.0000,0.0000,0.0000,0.0000,0.0000,0.0000,0.0000,0.0000,0.0000,0.0000,0.0000,0.0000,0.0000,0.0000,0.0000,0.0000,0.0000,0.0000,0.0000,0.0000,0.0000,0.0000,0.0000,0.0000,0.0000,0.0000,0.0000,0.0000,0.0000,0.0000,0.0000,0.0000,0.0000,0.0000,0.0000,0.0000,0.0000,0.0000,0.0000,0.0000,0.0000,0.0000,0.0000,0.0000","9,9,1,9","17,17,17,17,17,17,17,17,17,17,17,17,17,17,17,17,17,17,17,17,17,17,17,17,17,17,17,17,17,17,17,17,17,17,17,16,17,17,17,17,17,17,17,16,17,17,17,17,17,17,17,17,16,16,16,17,17,17,17,19,19,19,16,16"
1024,43.28,36.06,"10.17,12.27,14.00,15.11,16.05,16.89,17.62,18.34,18.77,19.10,19.34,19.58,19.82,20.06,20.28,20.53,20.78,20.99,21.18,21.36,21.51,21.66,21.80,21.94,22.14,22.29,22.42,22.56,22.69,22.80,22.91,23.03,23.18,23.29,23.37,23.47,23.57,23.66,23.75,23.85,23.97,24.06,24.14,24.22,24.31,24.38,24.45,24.53,24.66,24.77,24.84,24.94,25.01,25.10,25.16,25.22,25.36,25.46,25.53,25.60,25.68,25.75,25.81,25.88","0.7486,0.7466,0.7335,0.7333","1.0996,1.0098,0.9756,0.9155,0.0001,0.0001,0.0001,0.0001,0.0000,0.0000,0.0000,0.0000,0.0000,0.0000,0.0000,0.0000,0.0000,0.0000,0.0000,0.0000,0.0000,0.0000,0.0000,0.0000,0.0000,0.0000,0.0000,0.0000,0.0000,0.0000,0.0000,0.0000,0.0000,0.0000,0.0000,0.0000,0.0000,0.0000,0.0000,0.0000,0.0000,0.0000,0.0000,0.0000,0.0000,0.0000,0.0000,0.0000,0.0000,0.0000,0.0000,0.0000,0.0000,0.0000,0.0000,0.0000,0.0000,0.0000,0.0000,0.0000,0.0000,0.0000,0.0000,0.0000","4,4,4,12","10,10,10,10,10,10,10,10,10,10,10,10,10,10,10,10,10,10,10,10,10,10,10,10,10,10,10,10,10,10,10,10,10,10,10,10,10,10,10,10,10,10,10,10,10,10,10,10,10,10,10,10,10,10,10,10,10,10,10,10,10,10,10,10"
1025,68.42,47.49,"9.69,15.46,18.49,20.08,21.34,22.40,23.31,23.99,24.67,25.20,25.60,25.94,26.24,26.56,26.80,27.00,27.40,27.69,28.01,28.26,28.47,28.65,28.87,29.23,29.42,29.73,29.97,30.13,30.33,30.46,30.54,30.82,30.91,31.13,31.37,31.46,31.52,31.58,31.63,31.76,31.87,31.91,32.02,32.16,32.25,32.31,32.36,32.37,32.45,32.53,32.58,32.65,32.75,32.84,32.92,32.97,33.07,33.14,33.18,33.23,33.31,33.42,33.56,33.68","0.4761,0.4761,0.4756,0.4752","1.0176,1.0127,1.0088,0.9614,0.0001,0.0001,0.0001,0.0001,0.0000,0.0000,0.0000,0.0000,0.0000,0.0000,0.0000,0.0000,0.0000,0.0000,0.0000,0.0000,0.0000,0.0000,0.0000,0.0000,0.0000,0.0000,0.0000,0.0000,0.0000,0.0000,0.0000,0.0000,0.0000,0.0000,0.0000,0.0000,0.0000,0.0000,0.0000,0.0000,0.0000,0.0000,0.0000,0.0000,0.0000,0.0000,0.0000,0.0000,0.0000,0.0000,0.0000,0.0000,0.0000,0.0000,0.0000,0.0000,0.0000,0.0000,0.0000,0.0000,0.0000,0.0000,0.0000,0.0000","8,0,8,0","25,9,25,25,25,25,25,25,25,25,25,9,25,25,25,25,25,25,25,25,9,25,25,25,9,25,25,25,25,9,31,25,25,25,25,9,9,9,25,9,25,25,9,25,25,9,9,9,25,25,25,25,25,25,25,25,25,25,25,25,25,25,25,25"
1026,27.96,26.96,"10.77,12.05,13.30,14.39,15.31,16.09,16.74,17.30,17.71,17.98,18.15,18.31,18.47,18.67,18.89,19.15,19.38,19.54,19.66,19.75,19.84,19.95,20.09,20.24,20.41,20.53,20.62,20.69,20.75,20.82,20.92,21.03,21.16,21.26,21.33,21.38,21.43,21.49,21.56,21.65,21.75,21.83,21.89,21.94,21.98,22.02,22.07,22.14,22.24,22.30,22.36,22.40,22.43,22.47,22.52,22.57,22.65,22.71,22.76,22.79,22.82,22.85,22.88,22.93","1.2657,1.2421,0.8902,0.6024","1.8184,1.7706,0.4116,0.0001,0.0001,0.0001,0.0001,0.0000,0.0000,0.0000,0.0000,0.0000,0.0000,0.0000,0.0000,0.0000,0.0000,0.0000,0.0000,0.0000,0.0000,0.0000,0.0000,0.0000,0.0000,0.0000,0.0000,0.0000,0.0000,0.0000,0.0000,0.0000,0.0000,0.0000,0.0000,0.0000,0.0000,0.0000,0.0000,0.0000,0.0000,0.0000,0.0000,0.0000,0.0000,0.0000,0.0000,0.0000,0.0000,0.0000,0.0000,0.0000,0.0000,0.0000,0.0000,0.0000,0.0000,0.0000,0.0000,0.0000,0.0000,0.0000,0.0000,0.0000","1,1,1,1","24,24,24,24,24,24,24,24,24,24,24,24,24,24,24,24,24,24,24,24,24,24,24,24,24,24,24,24,24,24,24,24,24,24,24,24,24,24,24,24,24,24,24,24,24,24,24,24,24,24,24,24,24,24,24,24,24,24,24,24,24,24,24,24"
1027,45.75,36.74,"11.11,16.37,18.04,19.36,19.83,20.71,21.22,21.49,21.99,22.26,22.49,22.77,22.93,23.29,23.58,23.64,23.91,24.03,24.16,24.43,24.60,24.82,24.93,24.94,25.09,25.10,25.20,25.31,25.57,25.86,25.99,25.99,26.04,26.15,26.30,26.35,26.48,26.50,26.49,26.56,26.60,26.61,26.62,26.71,26.80,26.83,27.02,27.12,27.13,27.28,27.28,27.29,27.32,27.51,27.59,27.66,27.67,27.67,27.69,27.75,27.81,27.90,28.08,28.18","0.6703,0.6700,0.6573,0.6552","1.1025,1.0762,1.0029,0.8184,0.0001,0.0001,0.0001,0.0000,0.0000,0.0000,0.0000,0.0000,0.0000,0.0000,0.0000,0.0000,0.0000,0.0000,0.0000,0.0000,0.0000,0.0000,0.0000,0.0000,0.0000,0.0000,0.0000,0.0000,0.0000,0.0000,0.0000,0.0000,0.0000,0.0000,0.0000,0.0000,0.0000,0.0000,0.0000,0.0000,0.0000,0.0000,0.0000,0.0000,0.0000,0.0000,0.0000,0.0000,0.0000,0.0000,0.0000,0.0000,0.0000,0.0000,0.0000,0.0000,0.0000,0.0000,0.0000,0.0000,0.0000,0.0000,0.0000,0.0000","4,4,4,4","25,25,25,25,25,25,25,25,25,25,25,25,25,25,25,25,25,25,25,25,25,25,25,27,25,31,25,25,25,25,25,27,25,25,25,25,25,9,9,25,25,31,27,25,25,31,25,25,25,25,27,27,25,25,25,31,9,27,25,25,9,25,25,25"
1028,34.30,32.52,"10.07,11.31,12.26,13.01,13.88,14.52,15.10,15.60,15.94,16.23,16.52,16.75,17.03,17.28,17.44,17.72,17.92,18.21,18.34,18.49,18.68,18.84,19.03,19.19,19.36,19.50,19.63,19.78,19.91,20.05,20.16,20.31,20.43,20.53,20.63,20.73,20.84,20.94,21.05,21.18,21.27,21.37,21.44,21.50,21.60,21.72,21.80,21.90,21.95,21.94,21.96,22.08,22.21,22.34,22.39,22.44,22.50,22.53,22.54,22.63,22.73,22.78,22.85,22.85","1.0283,1.0215,0.9868,0.9630","1.2324,0.9961,0.9277,0.8443,0.0001,0.0001,0.0001,0.0001,0.0000,0.0000,0.0000,0.0000,0.0000,0.0000,0.0000,0.0000,0.0000,0.0000,0.0000,0.0000,0.0000,0.0000,0.0000,0.0000,0.0000,0.0000,0.0000,0.0000,0.0000,0.0000,0.0000,0.0000,0.0000,0.0000,0.0000,0.0000,0.0000,0.0000,0.0000,0.0000,0.0000,0.0000,0.0000,0.0000,0.0000,0.0000,0.0000,0.0000,0.0000,0.0000,0.0000,0.0000,0.0000,0.0000,0.0000,0.0000,0.0000,0.0000,0.0000,0.0000,0.0000,0.0000,0.0000,0.0000","0,0,9,0","33,17,17,17,17,33,33,33,17,33,17,17,17,17,33,17,33,17,33,17,17,17,17,33,33,17,17,17,17,17,17,17,33,33,17,17,17,17,17,33,33,17,17,17,17,17,17,17,33,17,17,17,17,33,33,17,33,48,17,17,17,17,17,0"
1029,34.72,31.45,"10.52,12.13,13.12,14.01,14.80,15.37,15.89,16.38,16.77,17.04,17.24,17.44,17.64,17.86,18.11,18.38,18.64,18.80,18.93,19.05,19.20,19.32,19.49,19.66,19.83,19.96,20.07,20.13,20.22,20.33,20.44,20.48,20.71,20.81,20.87,20.99,21.06,21.14,21.24,21.36,21.48,21.57,21.65,21.72,21.79,21.87,21.91,22.00,22.03,22.04,22.03,22.05,22.05,22.04,22.16,22.25,22.36,22.42,22.48,22.53,22.58,22.65,22.68,22.76","1.0371,1.0321,1.0070,0.9241","1.2939,1.1172,1.0879,0.5015,0.0001,0.0001,0.0001,0.0000,0.0000,0.0000,0.0000,0.0000,0.0000,0.0000,0.0000,0.0000,0.0000,0.0000,0.0000,0.0000,0.0000,0.0000,0.0000,0.0000,0.0000,0.0000,0.0000,0.0000,0.0000,0.0000,0.0000,0.0000,0.0000,0.0000,0.0000,0.0000,0.0000,0.0000,0.0000,0.0000,0.0000,0.0000,0.0000,0.0000,0.0000,0.0000,0.0000,0.0000,0.0000,0.0000,0.0000,0.0000,0.0000,0.0000,0.0000,0.0000,0.0000,0.0000,0.0000,0.0000,0.0000,0.0000,0.0000,0.0000","1,1,1,1","33,33,33,33,33,33,33,33,33,33,33,33,33,33,33,33,33,33,33,33,33,33,33,33,33,33,33,33,16,33,33,33,33,33,33,33,33,33,33,33,33,33,33,33,33,33,33,33,39,39,39,39,39,33,33,33,33,33,33,33,33,33,33,33"
1047,45.60,36.74,"10.29,11.96,13.36,14.38,15.16,15.83,16.45,17.01,17.44,17.70,17.91,18.10,18.29,18.51,18.78,19.06,19.29,19.44,19.57,19.69,19.80,19.93,20.11,20.30,20.44,20.55,20.64,20.72,20.81,20.91,21.04,21.18,21.29,21.36,21.44,21.50,21.57,21.65,21.76,21.87,21.95,22.01,22.07,22.12,22.18,22.25,22.35,22.44,22.51,22.56,22.61,22.65,22.70,22.77,22.85,22.97,23.03,23.08,23.12,23.16,23.20,23.26,23.34,23.49","0.7080,0.7069,0.7046,0.6856","1.1777,1.0996,0.8691,0.8540,0.0001,0.0001,0.0001,0.0001,0.0000,0.0000,0.0000,0.0000,0.0000,0.0000,0.0000,0.0000,0.0000,0.0000,0.0000,0.0000,0.0000,0.0000,0.0000,0.0000,0.0000,0.0000,0.0000,0.0000,0.0000,0.0000,0.0000,0.0000,0.0000,0.0000,0.0000,0.0000,0.0000,0.0000,0.0000,0.0000,0.0000,0.0000,0.0000,0.0000,0.0000,0.0000,0.0000,0.0000,0.0000,0.0000,0.0000,0.0000,0.0000,0.0000,0.0000,0.0000,0.0000,0.0000,0.0000,0.0000,0.0000,0.0000,0.0000,0.0000","4,4,4,13","34,32,34,34,34,34,34,34,34,34,34,34,34,34,34,34,34,34,34,34,34,34,34,34,34,34,34,34,34,34,34,34,34,34,34,34,34,34,34,34,34,34,34,34,34,34,34,34,34,34,34,34,34,34,34,34,34,34,34,34,34,34,34,34"
1048,24.75,21.21,"9.86,11.25,12.15,12.81,13.29,13.64,13.89,14.06,14.14,14.27,14.43,14.59,14.75,14.89,15.00,15.07,15.12,15.19,15.28,15.38,15.47,15.56,15.63,15.72,15.76,15.81,15.88,15.95,16.02,16.08,16.16,16.28,16.31,16.35,16.40,16.46,16.51,16.56,16.63,16.75,16.78,16.82,16.86,16.91,16.95,16.99,17.06,17.18,17.20,17.24,17.27,17.31,17.35,17.39,17.45,17.57,17.59,17.62,17.65,17.68,17.72,17.75,17.82,17.92","1.2031,1.0369,1.0039,0.7557","1.6963,1.2754,0.7236,0.3054,0.0001,0.0001,0.0000,0.0000,0.0000,0.0000,0.0000,0.0000,0.0000,0.0000,0.0000,0.0000,0.0000,0.0000,0.0000,0.0000,0.0000,0.0000,0.0000,0.0000,0.0000,0.0000,0.0000,0.0000,0.0000,0.0000,0.0000,0.0000,0.0000,0.0000,0.0000,0.0000,0.0000,0.0000,0.0000,0.0000,0.0000,0.0000,0.0000,0.0000,0.0000,0.0000,0.0000,0.0000,0.0000,0.0000,0.0000,0.0000,0.0000,0.0000,0.0000,0.0000,0.0000,0.0000,0.0000,0.0000,0.0000,0.0000,0.0000,0.0000","8,8,0,0","38,38,38,38,38,38,38,38,38,38,38,38,38,38,38,38,38,38,38,38,38,38,38,38,38,38,38,38,38,38,38,38,38,38,38,38,38,38,38,38,38,38,38,38,38,38,38,38,38,38,38,38,38,38,38,38,38,38,38,38,38,38,38,38"
1049,22.93,21.03,"9.10,10.74,11.82,12.59,13.16,13.57,13.84,14.03,14.11,14.25,14.42,14.61,14.79,14.97,15.15,15.31,15.39,15.50,15.61,15.72,15.83,15.96,16.09,16.21,16.29,16.37,16.45,16.53,16.61,16.71,16.82,16.91,16.97,17.04,17.10,17.16,17.23,17.32,17.40,17.47,17.53,17.59,17.64,17.69,17.74,17.82,17.88,17.94,17.99,18.04,18.08,18.12,18.18,18.24,18.30,18.34,18.38,18.43,18.46,18.50,18.55,18.60,18.65,18.68","2.0426,1.9570,0.0001,0.0001","2.0859,1.9150,0.0001,0.0001,0.0001,0.0001,0.0000,0.0000,0.0000,0.0000,0.0000,0.0000,0.0000,0.0000,0.0000,0.0000,0.0000,0.0000,0.0000,0.0000,0.0000,0.0000,0.0000,0.0000,0.0000,0.0000,0.0000,0.0000,0.0000,0.0000,0.0000,0.0000,0.0000,0.0000,0.0000,0.0000,0.0000,0.0000,0.0000,0.0000,0.0000,0.0000,0.0000,0.0000,0.0000,0.0000,0.0000,0.0000,0.0000,0.0000,0.0000,0.0000,0.0000,0.0000,0.0000,0.0000,0.0000,0.0000,0.0000,0.0000,0.0000,0.0000,0.0000,0.0000","8,8,8,8","30,30,30,30,30,30,30,30,30,30,30,30,30,30,30,30,30,30,30,30,30,30,30,30,30,30,30,30,30,30,30,30,30,30,30,30,30,30,30,30,30,30,30,30,30,30,30,30,30,30,30,30,30,30,30,30,30,30,30,30,30,30,30,30"
1050,23.97,21.21,"11.33,12.52,13.26,13.81,14.22,14.55,14.81,15.00,15.12,15.26,15.40,15.55,15.69,15.82,15.93,16.01,16.08,16.16,16.24,16.33,16.41,16.49,16.56,16.61,16.66,16.72,16.77,16.84,16.90,16.95,17.00,17.06,17.11,17.15,17.19,17.25,17.30,17.34,17.39,17.43,17.49,17.52,17.56,17.60,17.64,17.67,17.72,17.76,17.81,17.84,17.85,17.89,17.93,17.97,18.01,18.07,18.09,18.13,18.15,18.19,18.21,18.24,18.28,18.35","1.3973,1.2901,0.8590,0.4536","1.9316,1.1025,0.9653,0.0001,0.0001,0.0001,0.0001,0.0000,0.0000,0.0000,0.0000,0.0000,0.0000,0.0000,0.0000,0.0000,0.0000,0.0000,0.0000,0.0000,0.0000,0.0000,0.0000,0.0000,0.0000,0.0000,0.0000,0.0000,0.0000,0.0000,0.0000,0.0000,0.0000,0.0000,0.0000,0.0000,0.0000,0.0000,0.0000,0.0000,0.0000,0.0000,0.0000,0.0000,0.0000,0.0000,0.0000,0.0000,0.0000,0.0000,0.0000,0.0000,0.0000,0.0000,0.0000,0.0000,0.0000,0.0000,0.0000,0.0000,0.0000,0.0000,0.0000,0.0000","15,4,15,15","38,38,38,38,38,38,38,38,38,38,38,38,38,38,38,38,38,38,38,38,38,38,38,38,38,38,38,38,38,38,38,38,38,38,38,38,38,38,38,38,38,38,38,30,38,38,38,38,38,30,38,38,38,38,38,38,38,38,38,30,38,38,38,38"
1051,28.01,22.80,"10.00,11.64,12.78,13.75,14.53,15.08,15.43,15.63,15.95,16.11,16.26,16.46,16.69,16.89,17.02,17.11,17.28,17.37,17.46,17.59,17.73,17.84,17.92,17.98,18.08,18.14,18.21,18.31,18.41,18.48,18.52,18.59,18.65,18.69,18.76,18.84,18.92,18.96,19.01,19.09,19.13,19.17,19.23,19.30,19.35,19.38,19.43,19.54,19.57,19.61,19.67,19.73,19.77,19.79,19.86,19.99,20.01,20.07,20.12,20.16,20.20,20.23,20.30,20.46","1.1159,1.0780,1.0047,0.8007","1.6524,1.4649,0.8828,0.0001,0.0001,0.0001,0.0000,0.0000,0.0000,0.0000,0.0000,0.0000,0.0000,0.0000,0.0000,0.0000,0.0000,0.0000,0.0000,0.0000,0.0000,0.0000,0.0000,0.0000,0.0000,0.0000,0.0000,0.0000,0.0000,0.0000,0.0000,0.0000,0.0000,0.0000,0.0000,0.0000,0.0000,0.0000,0.0000,0.0000,0.0000,0.0000,0.0000,0.0000,0.0000,0.0000,0.0000,0.0000,0.0000,0.0000,0.0000,0.0000,0.0000,0.0000,0.0000,0.0000,0.0000,0.0000,0.0000,0.0000,0.0000,0.0000,0.0000,0.0000","11,11,11,11","31,31,31,31,31,31,31,31,31,31,31,31,31,31,31,31,31,31,31,31,31,31,31,31,31,31,31,31,31,31,31,31,31,31,31,31,31,31,31,31,31,31,31,31,31,31,31,31,31,31,31,31,31,31,31,31,31,31,31,31,31,31,31,31"
1052,27.79,23.72,"11.02,12.32,13.16,13.78,14.26,14.71,15.18,15.63,15.89,16.10,16.27,16.43,16.61,16.83,17.08,17.35,17.51,17.64,17.74,17.83,17.95,18.09,18.27,18.46,18.57,18.65,18.73,18.79,18.88,18.99,19.13,19.28,19.36,19.42,19.48,19.53,19.60,19.69,19.80,19.93,20.00,20.04,20.08,20.13,20.19,20.27,20.36,20.46,20.51,20.55,20.59,20.63,20.69,20.76,20.83,20.92,20.96,20.98,21.02,21.06,21.11,21.16,21.23,21.31","1.2538,1.2110,1.1994,0.3359","1.7363,1.6689,0.5952,0.0001,0.0001,0.0001,0.0000,0.0000,0.0000,0.0000,0.0000,0.0000,0.0000,0.0000,0.0000,0.0000,0.0000,0.0000,0.0000,0.0000,0.0000,0.0000,0.0000,0.0000,0.0000,0.0000,0.0000,0.0000,0.0000,0.0000,0.0000,0.0000,0.0000,0.0000,0.0000,0.0000,0.0000,0.0000,0.0000,0.0000,0.0000,0.0000,0.0000,0.0000,0.0000,0.0000,0.0000,0.0000,0.0000,0.0000,0.0000,0.0000,0.0000,0.0000,0.0000,0.0000,0.0000,0.0000,0.0000,0.0000,0.0000,0.0000,0.0000,0.0000","11,11,11,11","39,39,39,39,39,39,39,39,39,39,39,39,39,39,39,39,39,39,39,39,39,39,39,39,39,39,39,39,39,39,39,39,39,39,39,39,39,39,39,39,39,39,39,39,39,39,39,39,39,39,39,39,39,39,39,39,39,39,39,39,39,39,39,39"
1053,48.13,45.23,"10.94,17.63,19.59,21.23,22.31,23.39,24.33,25.17,25.76,26.21,26.51,26.76,27.11,27.47,27.91,28.25,28.62,28.88,29.02,29.16,29.34,29.58,29.81,30.09,30.33,30.43,30.58,30.64,30.76,30.88,31.10,31.28,31.41,31.58,31.61,31.67,31.73,32.09,32.22,32.28,32.56,32.61,32.65,32.83,32.83,32.88,33.01,33.21,33.26,33.41,33.41,33.56,33.54,33.53,33.58,33.74,33.91,33.91,33.90,33.91,33.90,33.89,33.89,33.90","0.7612,0.7606,0.7583,0.7339","1.0332,0.9907,0.9878,0.9873,0.0001,0.0001,0.0001,0.0001,0.0000,0.0000,0.0000,0.0000,0.0000,0.0000,0.0000,0.0000,0.0000,0.0000,0.0000,0.0000,0.0000,0.0000,0.0000,0.0000,0.0000,0.0000,0.0000,0.0000,0.0000,0.0000,0.0000,0.0000,0.0000,0.0000,0.0000,0.0000,0.0000,0.0000,0.0000,0.0000,0.0000,0.0000,0.0000,0.0000,0.0000,0.0000,0.0000,0.0000,0.0000,0.0000,0.0000,0.0000,0.0000,0.0000,0.0000,0.0000,0.0000,0.0000,0.0000,0.0000,0.0000,0.0000,0.0000,0.0000","0,0,9,0","33,33,33,33,33,33,33,33,33,33,33,33,33,33,33,33,33,33,33,33,33,33,33,33,33,33,33,33,33,33,33,33,33,33,39,33,33,33,33,39,33,39,39,33,39,33,33,33,39,33,17,33,27,27,33,33,33,39,27,27,17,27,39,27"
1054,28.87,27.26,"10.57,11.84,13.03,14.07,14.94,15.66,16.26,16.75,17.12,17.37,17.54,17.70,17.88,18.10,18.34,18.58,18.78,18.93,19.03,19.12,19.22,19.36,19.51,19.67,19.81,19.91,19.98,20.05,20.13,20.22,20.33,20.45,20.56,20.64,20.69,20.74,20.80,20.88,20.97,21.05,21.13,21.19,21.23,21.27,21.32,21.39,21.46,21.53,21.60,21.65,21.69,21.72,21.76,21.82,21.88,21.94,22.00,22.04,22.07,22.10,22.14,22.20,22.25,22.30","1.1632,1.1463,1.0157,0.6743","1.6299,1.5566,0.8130,0.0001,0.0001,0.0001,0.0000,0.0000,0.0000,0.0000,0.0000,0.0000,0.0000,0.0000,0.0000,0.0000,0.0000,0.0000,0.0000,0.0000,0.0000,0.0000,0.0000,0.0000,0.0000,0.0000,0.0000,0.0000,0.0000,0.0000,0.0000,0.0000,0.0000,0.0000,0.0000,0.0000,0.0000,0.0000,0.0000,0.0000,0.0000,0.0000,0.0000,0.0000,0.0000,0.0000,0.0000,0.0000,0.0000,0.0000,0.0000,0.0000,0.0000,0.0000,0.0000,0.0000,0.0000,0.0000,0.0000,0.0000,0.0000,0.0000,0.0000,0.0000","1,1,1,1","32,32,32,32,32,32,32,32,32,32,32,32,32,32,32,32,32,32,32,32,32,32,32,32,32,32,32,32,32,32,32,32,32,32,32,32,32,32,32,32,32,32,32,32,32,32,32,32,32,32,32,32,32,32,32,32,32,32,32,32,32,32,32,32"
1055,29.36,32.86,"11.77,13.92,15.72,17.06,18.09,18.88,19.50,19.98,20.39,20.65,20.83,21.00,21.23,21.42,21.67,22.06,22.29,22.43,22.55,22.66,22.77,22.91,23.07,23.26,23.42,23.52,23.61,23.68,23.77,23.86,23.98,24.14,24.25,24.34,24.40,24.46,24.53,24.61,24.70,24.83,24.93,24.99,25.04,25.09,25.14,25.20,25.29,25.40,25.48,25.53,25.57,25.62,25.68,25.72,25.79,25.89,25.96,26.00,26.05,26.08,26.12,26.18,26.24,26.35","1.2578,1.2490,1.0374,0.3222","1.7598,1.5644,0.6758,0.0001,0.0001,0.0001,0.0001,0.0000,0.0000,0.0000,0.0000,0.0000,0.0000,0.0000,0.0000,0.0000,0.0000,0.0000,0.0000,0.0000,0.0000,0.0000,0.0000,0.0000,0.0000,0.0000,0.0000,0.0000,0.0000,0.0000,0.0000,0.0000,0.0000,0.0000,0.0000,0.0000,0.0000,0.0000,0.0000,0.0000,0.0000,0.0000,0.0000,0.0000,0.0000,0.0000,0.0000,0.0000,0.0000,0.0000,0.0000,0.0000,0.0000,0.0000,0.0000,0.0000,0.0000,0.0000,0.0000,0.0000,0.0000,0.0000,0.0000,0.0000","4,4,4,4","33,33,33,33,33,33,33,33,33,33,33,33,33,33,33,33,33,33,33,33,33,33,33,33,33,33,33,33,33,33,33,33,33,33,33,33,33,33,33,33,33,33,33,33,33,33,33,33,33,33,33,33,33,33,33,33,33,33,33,33,33,33,33,33"
1056,29.57,30.39,"11.07,13.06,14.80,16.12,17.15,17.98,18.64,19.18,19.59,19.85,20.02,20.18,20.37,20.59,20.85,21.06,21.27,21.42,21.53,21.61,21.72,21.85,22.00,22.16,22.30,22.41,22.48,22.55,22.63,22.72,22.84,22.96,23.07,23.15,23.21,23.26,23.32,23.39,23.49,23.60,23.69,23.75,23.79,23.84,23.89,23.96,24.03,24.14,24.20,24.25,24.30,24.34,24.38,24.43,24.50,24.60,24.65,24.70,24.73,24.77,24.81,24.85,24.92,25.01","1.4432,1.4358,1.1220,0.0001","1.7666,1.7197,0.5137,0.0001,0.0001,0.0001,0.0001,0.0000,0.0000,0.0000,0.0000,0.0000,0.0000,0.0000,0.0000,0.0000,0.0000,0.0000,0.0000,0.0000,0.0000,0.0000,0.0000,0.0000,0.0000,0.0000,0.0000,0.0000,0.0000,0.0000,0.0000,0.0000,0.0000,0.0000,0.0000,0.0000,0.0000,0.0000,0.0000,0.0000,0.0000,0.0000,0.0000,0.0000,0.0000,0.0000,0.0000,0.0000,0.0000,0.0000,0.0000,0.0000,0.0000,0.0000,0.0000,0.0000,0.0000,0.0000,0.0000,0.0000,0.0000,0.0000,0.0000,0.0000","1,1,1,1","32,32,32,32,32,32,32,32,32,32,32,32,32,32,32,32,32,32,32,32,32,32,32,32,32,32,32,32,32,32,32,32,32,32,32,32,32,32,32,32,32,32,32,32,32,32,32,32,32,32,32,32,32,32,32,32,32,32,32,32,32,32,32,32"
1057,28.57,31.99,"11.44,13.60,15.40,16.76,17.82,18.66,19.35,19.93,20.33,20.58,20.77,20.93,21.11,21.33,21.59,21.86,22.05,22.21,22.31,22.40,22.49,22.63,22.79,22.95,23.10,23.20,23.27,23.34,23.41,23.50,23.62,23.76,23.86,23.94,24.00,24.06,24.11,24.19,24.28,24.40,24.48,24.54,24.60,24.64,24.69,24.76,24.83,24.93,25.00,25.05,25.10,25.14,25.18,25.23,25.30,25.39,25.46,25.51,25.54,25.57,25.61,25.66,25.72,25.81","1.4863,1.4729,1.0409,0.0001","1.4804,1.4639,1.0556,0.0001,0.0001,0.0001,0.0000,0.0000,0.0000,0.0000,0.0000,0.0000,0.0000,0.0000,0.0000,0.0000,0.0000,0.0000,0.0000,0.0000,0.0000,0.0000,0.0000,0.0000,0.0000,0.0000,0.0000,0.0000,0.0000,0.0000,0.0000,0.0000,0.0000,0.0000,0.0000,0.0000,0.0000,0.0000,0.0000,0.0000,0.0000,0.0000,0.0000,0.0000,0.0000,0.0000,0.0000,0.0000,0.0000,0.0000,0.0000,0.0000,0.0000,0.0000,0.0000,0.0000,0.0000,0.0000,0.0000,0.0000,0.0000,0.0000,0.0000,0.0000","0,0,0,0","33,33,33,33,33,33,33,33,33,33,33,33,33,33,33,33,33,33,33,33,33,33,33,33,33,33,33,33,33,33,33,33,33,33,33,33,33,33,33,33,33,33,33,33,33,33,33,33,33,33,33,33,33,33,33,33,33,33,33,33,33,33,33,33"
1058,50.54,46.36,"10.23,15.88,18.26,19.76,20.73,21.30,21.88,22.47,22.94,23.42,23.76,24.08,24.37,24.64,24.92,25.20,25.47,25.93,26.20,26.42,26.72,26.91,27.09,27.27,27.50,27.69,27.85,27.97,28.08,28.19,28.31,28.44,28.58,28.80,28.91,29.15,29.28,29.35,29.51,29.61,29.75,29.87,30.03,30.12,30.21,30.29,30.37,30.45,30.64,30.74,30.84,30.95,31.00,31.12,31.18,31.26,31.34,31.43,31.51,31.58,31.64,31.68,31.74,31.79","0.7676,0.7674,0.7651,0.7626","1.0166,1.0137,0.9946,0.9751,0.0001,0.0001,0.0001,0.0001,0.0000,0.0000,0.0000,0.0000,0.0000,0.0000,0.0000,0.0000,0.0000,0.0000,0.0000,0.0000,0.0000,0.0000,0.0000,0.0000,0.0000,0.0000,0.0000,0.0000,0.0000,0.0000,0.0000,0.0000,0.0000,0.0000,0.0000,0.0000,0.0000,0.0000,0.0000,0.0000,0.0000,0.0000,0.0000,0.0000,0.0000,0.0000,0.0000,0.0000,0.0000,0.0000,0.0000,0.0000,0.0000,0.0000,0.0000,0.0000,0.0000,0.0000,0.0000,0.0000,0.0000,0.0000,0.0000,0.0000","5,5,5,5","18,49,49,18,18,49,18,16,16,49,18,49,18,18,18,18,16,49,49,49,49,18,49,18,18,18,18,18,18,18,18,18,16,49,18,49,49,16,49,18,49,18,49,18,49,18,18,16,49,18,49,49,18,49,18,18,18,18,18,18,49,18,18,18"
1059,55.43,47.49,"10.12,14.95,17.03,18.38,19.53,20.33,20.92,21.37,22.08,22.60,22.94,23.41,23.81,24.12,24.44,24.72,25.06,25.43,25.72,25.98,26.18,26.41,26.59,26.79,27.07,27.31,27.51,27.66,27.79,27.91,28.08,28.23,28.40,28.59,28.74,28.92,29.03,29.13,29.27,29.39,29.57,29.72,29.84,29.96,30.05,30.17,30.27,30.37,30.52,30.65,30.75,30.85,30.93,31.01,31.11,31.19,31.32,31.44,31.53,31.60,31.67,31.75,31.83,31.91","0.6231,0.6231,0.6225,0.6186","1.0322,1.0098,1.0058,0.9522,0.0001,0.0001,0.0001,0.0001,0.0000,0.0000,0.0000,0.0000,0.0000,0.0000,0.0000,0.0000,0.0000,0.0000,0.0000,0.0000,0.0000,0.0000,0.0000,0.0000,0.0000,0.0000,0.0000,0.0000,0.0000,0.0000,0.0000,0.0000,0.0000,0.0000,0.0000,0.0000,0.0000,0.0000,0.0000,0.0000,0.0000,0.0000,0.0000,0.0000,0.0000,0.0000,0.0000,0.0000,0.0000,0.0000,0.0000,0.0000,0.0000,0.0000,0.0000,0.0000,0.0000,0.0000,0.0000,0.0000,0.0000,0.0000,0.0000,0.0000","4,4,10,4","26,58,9,9,9,26,9,26,58,58,9,9,9,9,26,26,58,26,58,9,9,9,26,26,26,58,58,58,58,9,9,9,26,26,58,9,58,9,9,9,26,26,58,9,58,9,9,26,26,26,58,58,58,9,9,9,26,26,58,58,58,9,9,9"
1060,58.36,48.03,"9.62,14.20,16.83,18.13,19.34,20.47,21.24,21.84,22.54,23.03,23.58,23.77,24.06,24.38,24.67,24.80,25.20,25.54,25.84,26.22,26.57,26.89,27.07,27.20,27.39,27.61,27.80,28.06,28.21,28.32,28.47,28.62,28.79,28.94,29.09,29.25,29.33,29.42,29.54,29.67,29.79,29.94,30.09,30.20,30.28,30.37,30.50,30.58,30.68,30.78,30.89,31.02,31.11,31.17,31.26,31.35,31.46,31.55,31.64,31.74,31.83,31.90,31.96,32.04","0.6108,0.6104,0.6103,0.6056","1.0195,1.0107,1.0049,0.9648,0.0001,0.0001,0.0001,0.0001,0.0000,0.0000,0.0000,0.0000,0.0000,0.0000,0.0000,0.0000,0.0000,0.0000,0.0000,0.0000,0.0000,0.0000,0.0000,0.0000,0.0000,0.0000,0.0000,0.0000,0.0000,0.0000,0.0000,0.0000,0.0000,0.0000,0.0000,0.0000,0.0000,0.0000,0.0000,0.0000,0.0000,0.0000,0.0000,0.0000,0.0000,0.0000,0.0000,0.0000,0.0000,0.0000,0.0000,0.0000,0.0000,0.0000,0.0000,0.0000,0.0000,0.0000,0.0000,0.0000,0.0000,0.0000,0.0000,0.0000","9,1,9,1","26,58,16,10,10,16,16,16,58,58,58,10,10,16,10,26,16,16,16,26,16,10,26,26,58,58,10,10,58,26,10,26,16,58,10,58,26,58,10,26,16,16,10,10,58,58,10,26,26,58,16,10,10,58,10,26,16,58,16,10,10,58,10,26"
1061,54.40,43.34,"10.03,14.40,16.28,17.09,18.19,18.85,19.61,20.06,20.51,20.96,21.40,21.61,22.02,22.39,22.69,22.99,23.17,23.44,23.63,23.90,24.12,24.32,24.49,24.78,24.93,25.13,25.28,25.46,25.58,25.79,25.95,26.06,26.17,26.33,26.39,26.61,26.64,26.84,26.90,27.03,27.08,27.20,27.18,27.38,27.35,27.54,27.54,27.68,27.72,27.82,27.73,27.99,27.94,28.11,28.10,28.11,28.09,28.15,28.32,28.29,28.45,28.50,28.63,28.70","0.5835,0.5830,0.5821,0.5785","1.0400,1.0058,0.9815,0.9722,0.0001,0.0001,0.0001,0.0001,0.0000,0.0000,0.0000,0.0000,0.0000,0.0000,0.0000,0.0000,0.0000,0.0000,0.0000,0.0000,0.0000,0.0000,0.0000,0.0000,0.0000,0.0000,0.0000,0.0000,0.0000,0.0000,0.0000,0.0000,0.0000,0.0000,0.0000,0.0000,0.0000,0.0000,0.0000,0.0000,0.0000,0.0000,0.0000,0.0000,0.0000,0.0000,0.0000,0.0000,0.0000,0.0000,0.0000,0.0000,0.0000,0.0000,0.0000,0.0000,0.0000,0.0000,0.0000,0.0000,0.0000,0.0000,0.0000,0.0000","5,5,5,13","9,9,9,9,9,9,9,26,9,9,9,24,9,9,9,9,26,9,9,9,9,9,9,9,9,9,9,9,9,9,9,9,9,9,9,9,26,9,9,9,26,24,41,9,41,24,9,9,24,24,41,24,41,24,41,24,41,24,9,26,9,9,9,9"
1062,46.49,39.80,"10.17,14.61,16.37,17.70,18.67,19.52,20.22,20.80,21.29,21.67,22.01,22.27,22.52,22.80,23.10,23.38,23.66,23.88,24.08,24.22,24.40,24.57,24.77,24.92,25.12,25.27,25.42,25.54,25.66,25.76,25.91,26.00,26.06,26.20,26.27,26.44,26.58,26.66,26.78,26.84,26.92,27.02,27.15,27.24,27.34,27.41,27.50,27.56,27.62,27.72,27.81,27.88,27.96,28.02,28.10,28.25,28.37,28.47,28.57,28.62,28.68,28.74,28.83,28.97","0.7773,0.7770,0.7712,0.7705","1.1074,1.0508,1.0039,0.8374,0.0001,0.0001,0.0001,0.0001,0.0000,0.0000,0.0000,0.0000,0.0000,0.0000,0.0000,0.0000,0.0000,0.0000,0.0000,0.0000,0.0000,0.0000,0.0000,0.0000,0.0000,0.0000,0.0000,0.0000,0.0000,0.0000,0.0000,0.0000,0.0000,0.0000,0.0000,0.0000,0.0000,0.0000,0.0000,0.0000,0.0000,0.0000,0.0000,0.0000,0.0000,0.0000,0.0000,0.0000,0.0000,0.0000,0.0000,0.0000,0.0000,0.0000,0.0000,0.0000,0.0000,0.0000,0.0000,0.0000,0.0000,0.0000,0.0000,0.0000","9,9,9,1","9,9,9,9,9,9,9,9,9,9,9,9,9,9,9,9,9,9,9,9,9,9,9,9,9,9,9,9,9,9,9,25,9,9,9,9,9,9,9,25,9,9,9,9,9,9,9,9,9,9,9,9,9,9,9,9,9,9,9,9,9,9,9,9"
1063,37.67,35.22,"11.08,13.49,15.09,16.06,17.02,17.79,18.24,18.86,19.28,19.61,19.84,20.07,20.33,20.57,20.83,21.13,21.42,21.61,21.77,21.92,22.07,22.22,22.36,22.52,22.66,22.75,22.90,23.00,23.08,23.15,23.27,23.41,23.49,23.56,23.66,23.76,23.83,23.88,23.94,23.99,24.06,24.14,24.23,24.29,24.34,24.38,24.46,24.58,24.64,24.68,24.72,24.76,24.80,24.85,24.90,24.94,25.02,25.06,25.10,25.14,25.18,25.21,25.25,25.34","0.9171,0.9152,0.9050,0.7967","1.2119,1.0615,0.9355,0.7910,0.0001,0.0001,0.0001,0.0001,0.0000,0.0000,0.0000,0.0000,0.0000,0.0000,0.0000,0.0000,0.0000,0.0000,0.0000,0.0000,0.0000,0.0000,0.0000,0.0000,0.0000,0.0000,0.0000,0.0000,0.0000,0.0000,0.0000,0.0000,0.0000,0.0000,0.0000,0.0000,0.0000,0.0000,0.0000,0.0000,0.0000,0.0000,0.0000,0.0000,0.0000,0.0000,0.0000,0.0000,0.0000,0.0000,0.0000,0.0000,0.0000,0.0000,0.0000,0.0000,0.0000,0.0000,0.0000,0.0000,0.0000,0.0000,0.0000,0.0000","9,9,1,9","17,17,17,17,17,17,17,17,17,17,17,17,17,17,17,17,17,17,17,17,17,17,17,17,17,1,17,1,1,1,17,17,17,1,1,1,1,1,17,17,1,1,1,1,1,1,17,17,1,1,1,1,1,1,1,1,17,1,1,1,1,1,1,17"
1064,46.18,42.08,"11.48,17.70,19.97,22.11,23.67,24.71,25.58,26.40,26.76,27.23,27.57,27.86,28.12,28.40,28.71,28.99,29.23,29.42,29.61,29.81,30.01,30.23,30.43,30.61,30.70,30.81,30.98,31.12,31.26,31.40,31.46,31.59,31.69,31.85,31.98,32.08,32.19,32.26,32.40,32.57,32.72,32.87,32.96,33.05,33.14,33.22,33.33,33.43,33.50,33.56,33.63,33.73,33.81,33.90,33.98,34.04,34.11,34.20,34.27,34.33,34.36,34.41,34.46,34.60","0.7691,0.7689,0.7665,0.7435","1.1240,0.9922,0.9463,0.9375,0.0001,0.0001,0.0001,0.0001,0.0000,0.0000,0.0000,0.0000,0.0000,0.0000,0.0000,0.0000,0.0000,0.0000,0.0000,0.0000,0.0000,0.0000,0.0000,0.0000,0.0000,0.0000,0.0000,0.0000,0.0000,0.0000,0.0000,0.0000,0.0000,0.0000,0.0000,0.0000,0.0000,0.0000,0.0000,0.0000,0.0000,0.0000,0.0000,0.0000,0.0000,0.0000,0.0000,0.0000,0.0000,0.0000,0.0000,0.0000,0.0000,0.0000,0.0000,0.0000,0.0000,0.0000,0.0000,0.0000,0.0000,0.0000,0.0000,0.0000","4,4,4,4","9,9,9,9,9,9,9,9,9,9,9,9,9,9,9,9,9,9,9,9,9,9,9,9,17,17,9,9,9,9,17,9,17,9,9,9,9,17,9,9,9,9,9,9,9,9,9,9,9,17,9,9,9,9,9,9,9,9,9,9,9,9,17,9"
1065,66.05,45.81,"10.18,15.61,18.02,19.54,20.56,21.54,22.24,22.72,23.60,23.91,24.27,24.74,24.92,25.29,25.74,26.02,26.12,26.30,26.53,26.72,26.99,27.35,27.47,27.58,27.75,27.86,27.98,28.13,28.32,28.50,28.64,28.74,28.92,29.06,29.19,29.24,29.32,29.38,29.49,29.62,29.70,29.77,29.86,30.03,30.17,30.20,30.26,30.31,30.46,30.57,30.61,30.66,30.70,30.73,30.81,30.90,30.97,31.01,31.04,31.08,31.12,31.18,31.27,31.35","0.5025,0.5024,0.5019,0.5015","1.0263,1.0224,0.9961,0.9546,0.0001,0.0001,0.0001,0.0001,0.0000,0.0000,0.0000,0.0000,0.0000,0.0000,0.0000,0.0000,0.0000,0.0000,0.0000,0.0000,0.0000,0.0000,0.0000,0.0000,0.0000,0.0000,0.0000,0.0000,0.0000,0.0000,0.0000,0.0000,0.0000,0.0000,0.0000,0.0000,0.0000,0.0000,0.0000,0.0000,0.0000,0.0000,0.0000,0.0000,0.0000,0.0000,0.0000,0.0000,0.0000,0.0000,0.0000,0.0000,0.0000,0.0000,0.0000,0.0000,0.0000,0.0000,0.0000,0.0000,0.0000,0.0000,0.0000,0.0000","4,4,4,12","18,32,32,32,32,32,32,32,18,32,32,18,18,32,32,32,32,32,18,32,32,32,18,32,32,16,32,18,32,32,32,32,18,32,32,16,16,32,18,32,32,32,18,32,32,16,32,32,18,32,32,16,16,32,18,32,32,16,16,16,32,18,32,32"
1066,27.51,27.43,"11.36,12.83,14.22,15.35,16.25,16.98,17.57,18.06,18.43,18.70,18.89,19.04,19.20,19.42,19.66,19.89,20.08,20.24,20.36,20.46,20.55,20.67,20.82,20.97,21.11,21.22,21.30,21.38,21.45,21.52,21.63,21.74,21.85,21.94,22.00,22.06,22.11,22.18,22.25,22.36,22.43,22.51,22.56,22.62,22.65,22.70,22.77,22.84,22.90,22.97,23.01,23.03,23.08,23.12,23.16,23.23,23.30,23.36,23.43,23.44,23.47,23.50,23.53,23.60","1.4775,1.4475,1.0742,0.0001","1.5002,1.4463,1.0537,0.0001,0.0001,0.0001,0.0000,0.0000,0.0000,0.0000,0.0000,0.0000,0.0000,0.0000,0.0000,0.0000,0.0000,0.0000,0.0000,0.0000,0.0000,0.0000,0.0000,0.0000,0.0000,0.0000,0.0000,0.0000,0.0000,0.0000,0.0000,0.0000,0.0000,0.0000,0.0000,0.0000,0.0000,0.0000,0.0000,0.0000,0.0000,0.0000,0.0000,0.0000,0.0000,0.0000,0.0000,0.0000,0.0000,0.0000,0.0000,0.0000,0.0000,0.0000,0.0000,0.0000,0.0000,0.0000,0.0000,0.0000,0.0000,0.0000,0.0000,0.0000","4,4,4,4","24,24,24,24,24,24,24,24,24,24,24,24,24,24,24,24,24,24,24,24,24,24,24,24,24,24,24,24,24,24,24,24,24,24,24,24,24,24,24,24,24,24,24,24,33,24,33,33,24,33,33,24,24,33,24,24,24,24,24,33,33,33,24,24"
1067,29.09,26.58,"10.67,12.29,13.74,14.82,15.62,16.20,16.67,17.12,17.49,17.75,17.96,18.16,18.36,18.57,18.80,19.03,19.24,19.39,19.52,19.63,19.76,19.88,20.02,20.17,20.31,20.43,20.52,20.60,20.70,20.77,20.87,20.99,21.10,21.19,21.26,21.33,21.39,21.46,21.54,21.64,21.72,21.80,21.85,21.90,21.96,22.01,22.07,22.14,22.23,22.29,22.34,22.40,22.43,22.50,22.55,22.59,22.69,22.71,22.78,22.80,22.86,22.88,22.93,22.98","1.2978,1.2863,1.1115,0.3047","1.8349,1.5381,0.6270,0.0001,0.0001,0.0001,0.0000,0.0000,0.0000,0.0000,0.0000,0.0000,0.0000,0.0000,0.0000,0.0000,0.0000,0.0000,0.0000,0.0000,0.0000,0.0000,0.0000,0.0000,0.0000,0.0000,0.0000,0.0000,0.0000,0.0000,0.0000,0.0000,0.0000,0.0000,0.0000,0.0000,0.0000,0.0000,0.0000,0.0000,0.0000,0.0000,0.0000,0.0000,0.0000,0.0000,0.0000,0.0000,0.0000,0.0000,0.0000,0.0000,0.0000,0.0000,0.0000,0.0000,0.0000,0.0000,0.0000,0.0000,0.0000,0.0000,0.0000,0.0000","1,1,1,1","25,32,25,32,25,25,25,25,25,25,25,32,32,25,32,25,25,32,25,32,32,25,32,25,25,32,32,32,25,25,32,25,25,32,32,32,25,25,25,25,32,25,25,32,32,32,25,32,25,32,25,32,25,32,32,25,32,32,32,25,32,32,32,25"
1068,36.00,32.82,"10.73,12.43,13.88,15.02,15.77,16.42,17.11,17.78,18.06,18.31,18.59,18.80,18.95,19.20,19.56,19.83,19.98,20.21,20.37,20.46,20.60,20.84,21.03,21.09,21.37,21.51,21.62,21.77,21.96,22.08,22.18,22.32,22.41,22.45,22.61,22.72,22.73,22.73,22.87,23.03,23.03,23.04,23.05,23.05,23.05,23.07,23.09,23.09,23.08,23.07,23.03,23.03,23.11,23.21,23.29,23.41,23.58,23.68,23.73,23.79,23.86,23.93,24.05,24.13","1.0192,1.0147,0.9963,0.9697","1.1787,1.0000,0.9214,0.8999,0.0001,0.0001,0.0001,0.0000,0.0000,0.0000,0.0000,0.0000,0.0000,0.0000,0.0000,0.0000,0.0000,0.0000,0.0000,0.0000,0.0000,0.0000,0.0000,0.0000,0.0000,0.0000,0.0000,0.0000,0.0000,0.0000,0.0000,0.0000,0.0000,0.0000,0.0000,0.0000,0.0000,0.0000,0.0000,0.0000,0.0000,0.0000,0.0000,0.0000,0.0000,0.0000,0.0000,0.0000,0.0000,0.0000,0.0000,0.0000,0.0000,0.0000,0.0000,0.0000,0.0000,0.0000,0.0000,0.0000,0.0000,0.0000,0.0000,0.0000","1,1,9,1","24,24,24,24,24,24,24,24,24,24,24,24,24,24,24,24,24,24,24,24,24,24,24,24,24,24,24,24,24,24,24,24,24,24,24,24,24,28,24,24,28,30,26,28,26,26,26,30,28,28,28,24,24,24,24,24,24,24,24,24,24,24,24,24"
1069,32.89,31.24,"11.11,13.53,15.24,16.33,17.23,18.04,18.63,19.10,19.47,19.73,19.96,20.18,20.44,20.70,20.94,21.19,21.44,21.64,21.81,22.00,22.17,22.34,22.50,22.64,22.80,22.95,23.06,23.17,23.27,23.39,23.48,23.57,23.67,23.76,23.77,23.77,23.90,23.90,23.90,24.02,24.00,23.98,23.97,23.96,24.05,24.17,24.34,24.50,24.62,24.70,24.76,24.82,24.90,25.01,25.13,25.25,25.31,25.40,25.47,25.54,25.59,25.66,25.71,25.79","1.1308,1.1281,1.0965,0.6440","1.3457,1.2373,0.9648,0.4526,0.0001,0.0001,0.0001,0.0000,0.0000,0.0000,0.0000,0.0000,0.0000,0.0000,0.0000,0.0000,0.0000,0.0000,0.0000,0.0000,0.0000,0.0000,0.0000,0.0000,0.0000,0.0000,0.0000,0.0000,0.0000,0.0000,0.0000,0.0000,0.0000,0.0000,0.0000,0.0000,0.0000,0.0000,0.0000,0.0000,0.0000,0.0000,0.0000,0.0000,0.0000,0.0000,0.0000,0.0000,0.0000,0.0000,0.0000,0.0000,0.0000,0.0000,0.0000,0.0000,0.0000,0.0000,0.0000,0.0000,0.0000,0.0000,0.0000,0.0000","0,0,8,0","24,24,24,24,24,24,24,24,24,24,24,24,24,24,24,24,24,24,24,24,24,24,24,24,24,24,24,24,24,24,24,24,24,24,24,30,24,26,26,24,28,28,28,24,24,24,24,24,24,24,24,24,24,24,24,24,24,24,24,24,24,24,24,24"
1087,24.22,20.64,"9.63,10.79,11.51,12.03,12.43,12.74,12.97,13.15,13.28,13.42,13.57,13.71,13.85,13.97,14.08,14.16,14.23,14.31,14.39,14.48,14.56,14.63,14.70,14.75,14.80,14.85,14.91,14.97,15.03,15.09,15.13,15.17,15.21,15.25,15.30,15.34,15.39,15.43,15.47,15.50,15.53,15.56,15.60,15.64,15.68,15.71,15.74,15.76,15.79,15.82,15.85,15.88,15.91,15.94,15.96,15.98,16.01,16.04,16.07,16.10,16.12,16.15,16.17,16.19","1.2411,1.0664,0.9371,0.7548","1.8447,1.0840,1.0713,0.0001,0.0001,0.0001,0.0001,0.0000,0.0000,0.0000,0.0000,0.0000,0.0000,0.0000,0.0000,0.0000,0.0000,0.0000,0.0000,0.0000,0.0000,0.0000,0.0000,0.0000,0.0000,0.0000,0.0000,0.0000,0.0000,0.0000,0.0000,0.0000,0.0000,0.0000,0.0000,0.0000,0.0000,0.0000,0.0000,0.0000,0.0000,0.0000,0.0000,0.0000,0.0000,0.0000,0.0000,0.0000,0.0000,0.0000,0.0000,0.0000,0.0000,0.0000,0.0000,0.0000,0.0000,0.0000,0.0000,0.0000,0.0000,0.0000,0.0000,0.0000","8,8,0,0","30,30,30,30,30,30,30,30,30,30,30,30,30,30,30,30,30,30,30,30,30,30,30,30,30,30,30,30,30,30,30,30,30,30,30,30,30,30,30,30,30,30,30,30,30,30,30,30,30,30,30,30,30,30,30,30,24,30,24,30,30,30,30,24"
1088,26.17,22.24,"9.08,10.51,11.45,12.14,12.65,13.04,13.31,13.52,13.66,13.82,13.98,14.15,14.32,14.49,14.67,14.84,14.96,15.07,15.17,15.27,15.38,15.49,15.62,15.75,15.85,15.94,16.01,16.08,16.16,16.24,16.34,16.45,16.53,16.60,16.66,16.71,16.77,16.84,16.93,17.01,17.08,17.14,17.18,17.23,17.28,17.34,17.41,17.48,17.54,17.59,17.63,17.66,17.71,17.76,17.82,17.88,17.93,17.97,18.01,18.04,18.08,18.12,18.17,18.23","1.3174,1.2725,1.1241,0.2856","1.5957,1.4434,0.9605,0.0001,0.0001,0.0001,0.0000,0.0000,0.0000,0.0000,0.0000,0.0000,0.0000,0.0000,0.0000,0.0000,0.0000,0.0000,0.0000,0.0000,0.0000,0.0000,0.0000,0.0000,0.0000,0.0000,0.0000,0.0000,0.0000,0.0000,0.0000,0.0000,0.0000,0.0000,0.0000,0.0000,0.0000,0.0000,0.0000,0.0000,0.0000,0.0000,0.0000,0.0000,0.0000,0.0000,0.0000,0.0000,0.0000,0.0000,0.0000,0.0000,0.0000,0.0000,0.0000,0.0000,0.0000,0.0000,0.0000,0.0000,0.0000,0.0000,0.0000,0.0000","8,0,0,8","30,30,30,30,30,30,30,30,30,30,30,30,30,30,30,30,30,30,30,30,30,30,30,30,30,30,30,30,30,30,30,30,30,30,30,30,30,30,30,30,30,30,30,30,30,30,30,30,30,30,30,30,30,30,30,30,30,30,30,30,30,30,30,30"
1089,26.87,23.85,"10.54,11.79,12.58,13.15,13.62,14.12,14.62,15.09,15.39,15.60,15.76,15.92,16.10,16.31,16.56,16.83,17.00,17.12,17.22,17.31,17.42,17.56,17.73,17.92,18.04,18.12,18.19,18.25,18.33,18.44,18.57,18.72,18.81,18.87,18.92,18.97,19.04,19.13,19.23,19.37,19.43,19.48,19.51,19.56,19.62,19.69,19.79,19.90,19.94,19.98,20.02,20.06,20.11,20.17,20.26,20.35,20.40,20.42,20.45,20.48,20.54,20.60,20.67,20.75","1.4100,1.3840,1.2060,0.0001","1.5820,1.5225,0.8960,0.0001,0.0001,0.0001,0.0001,0.0000,0.0000,0.0000,0.0000,0.0000,0.0000,0.0000,0.0000,0.0000,0.0000,0.0000,0.0000,0.0000,0.0000,0.0000,0.0000,0.0000,0.0000,0.0000,0.0000,0.0000,0.0000,0.0000,0.0000,0.0000,0.0000,0.0000,0.0000,0.0000,0.0000,0.0000,0.0000,0.0000,0.0000,0.0000,0.0000,0.0000,0.0000,0.0000,0.0000,0.0000,0.0000,0.0000,0.0000,0.0000,0.0000,0.0000,0.0000,0.0000,0.0000,0.0000,0.0000,0.0000,0.0000,0.0000,0.0000,0.0000","8,8,8,8","38,38,38,38,38,38,38,38,38,38,38,38,38,38,38,38,38,38,38,38,38,38,38,38,38,38,38,38,38,38,38,38,38,38,38,38,38,38,38,38,38,38,38,38,38,38,38,38,38,38,38,38,38,38,38,38,38,38,38,38,38,38,38,38"
1090,27.36,23.43,"10.65,11.97,12.85,13.50,13.99,14.37,14.83,15.30,15.52,15.75,15.95,16.12,16.29,16.49,16.74,17.00,17.16,17.31,17.44,17.54,17.64,17.77,17.92,18.09,18.22,18.34,18.43,18.50,18.58,18.67,18.77,18.89,19.00,19.10,19.17,19.22,19.28,19.36,19.43,19.52,19.61,19.70,19.75,19.80,19.84,19.90,19.97,20.02,20.11,20.17,20.22,20.27,20.31,20.35,20.40,20.44,20.52,20.58,20.62,20.65,20.68,20.72,20.76,20.79","1.2267,1.1863,1.1358,0.4515","1.5332,1.4219,0.8511,0.1936,0.0001,0.0001,0.0001,0.0000,0.0000,0.0000,0.0000,0.0000,0.0000,0.0000,0.0000,0.0000,0.0000,0.0000,0.0000,0.0000,0.0000,0.0000,0.0000,0.0000,0.0000,0.0000,0.0000,0.0000,0.0000,0.0000,0.0000,0.0000,0.0000,0.0000,0.0000,0.0000,0.0000,0.0000,0.0000,0.0000,0.0000,0.0000,0.0000,0.0000,0.0000,0.0000,0.0000,0.0000,0.0000,0.0000,0.0000,0.0000,0.0000,0.0000,0.0000,0.0000,0.0000,0.0000,0.0000,0.0000,0.0000,0.0000,0.0000,0.0000","8,8,8,8","31,31,31,31,31,31,31,31,31,31,31,31,31,31,31,31,31,31,31,31,31,31,31,31,31,31,31,31,31,31,31,31,31,31,31,31,31,31,31,31,31,31,31,31,31,31,31,31,31,31,31,31,31,31,31,31,31,31,31,31,31,31,31,31"
1091,41.62,36.70,"9.73,12.60,14.18,15.07,15.81,16.41,16.97,17.39,17.72,18.02,18.34,18.64,18.92,19.16,19.41,19.68,19.89,20.08,20.26,20.43,20.60,20.79,20.98,21.17,21.33,21.49,21.63,21.75,21.87,22.01,22.15,22.29,22.43,22.56,22.67,22.76,22.86,22.97,23.08,23.18,23.30,23.40,23.50,23.59,23.67,23.76,23.85,23.93,24.03,24.12,24.20,24.26,24.32,24.40,24.47,24.54,24.63,24.71,24.77,24.82,24.87,24.93,24.99,25.05","0.8491,0.8490,0.8306,0.7949","1.0899,1.0234,0.9878,0.8994,0.0001,0.0001,0.0001,0.0001,0.0000,0.0000,0.0000,0.0000,0.0000,0.0000,0.0000,0.0000,0.0000,0.0000,0.0000,0.0000,0.0000,0.0000,0.0000,0.0000,0.0000,0.0000,0.0000,0.0000,0.0000,0.0000,0.0000,0.0000,0.0000,0.0000,0.0000,0.0000,0.0000,0.0000,0.0000,0.0000,0.0000,0.0000,0.0000,0.0000,0.0000,0.0000,0.0000,0.0000,0.0000,0.0000,0.0000,0.0000,0.0000,0.0000,0.0000,0.0000,0.0000,0.0000,0.0000,0.0000,0.0000,0.0000,0.0000,0.0000","12,4,12,4","38,55,38,38,55,38,55,55,55,55,38,38,38,55,38,38,55,38,55,38,38,38,38,38,55,38,55,38,55,38,38,38,38,38,55,55,55,38,38,38,38,38,55,55,55,38,38,38,38,38,55,55,38,55,38,38,38,38,38,38,38,55,38,38"
1092,26.46,23.29,"10.65,12.02,12.92,13.57,14.06,14.45,14.81,15.16,15.39,15.59,15.75,15.92,16.11,16.31,16.52,16.74,16.89,17.01,17.11,17.21,17.32,17.45,17.60,17.76,17.87,17.95,18.02,18.09,18.18,18.28,18.39,18.52,18.60,18.67,18.72,18.78,18.84,18.92,19.02,19.13,19.19,19.25,19.29,19.34,19.39,19.46,19.55,19.64,19.69,19.73,19.77,19.81,19.86,19.92,20.00,20.08,20.12,20.16,20.18,20.22,20.27,20.32,20.39,20.46","1.3958,1.3181,1.2861,0.0001","1.5527,1.4150,1.0322,0.0001,0.0001,0.0001,0.0000,0.0000,0.0000,0.0000,0.0000,0.0000,0.0000,0.0000,0.0000,0.0000,0.0000,0.0000,0.0000,0.0000,0.0000,0.0000,0.0000,0.0000,0.0000,0.0000,0.0000,0.0000,0.0000,0.0000,0.0000,0.0000,0.0000,0.0000,0.0000,0.0000,0.0000,0.0000,0.0000,0.0000,0.0000,0.0000,0.0000,0.0000,0.0000,0.0000,0.0000,0.0000,0.0000,0.0000,0.0000,0.0000,0.0000,0.0000,0.0000,0.0000,0.0000,0.0000,0.0000,0.0000,0.0000,0.0000,0.0000,0.0000","12,5,12,12","30,30,30,30,30,30,30,30,30,30,30,30,30,30,30,30,30,30,30,30,30,30,30,30,30,30,30,30,30,30,30,30,30,30,30,30,30,30,30,30,30,30,30,30,30,30,30,30,30,30,30,30,30,30,30,30,30,30,30,30,30,30,30,30"
1093,46.64,41.25,"10.37,14.64,17.01,18.87,20.17,20.70,21.24,21.87,22.48,22.89,23.28,23.65,24.05,24.28,24.53,24.98,25.33,25.54,25.77,26.00,26.22,26.38,26.54,26.88,27.10,27.26,27.42,27.56,27.74,27.86,27.96,28.24,28.41,28.52,28.65,28.77,28.90,28.99,29.08,29.32,29.45,29.54,29.65,29.74,29.84,29.92,30.00,30.22,30.32,30.39,30.48,30.57,30.64,30.72,30.79,30.99,31.07,31.14,31.22,31.29,31.36,31.42,31.49,31.68","0.7353,0.7350,0.7333,0.6945","1.0449,1.0283,0.9965,0.9292,0.0001,0.0001,0.0001,0.0001,0.0000,0.0000,0.0000,0.0000,0.0000,0.0000,0.0000,0.0000,0.0000,0.0000,0.0000,0.0000,0.0000,0.0000,0.0000,0.0000,0.0000,0.0000,0.0000,0.0000,0.0000,0.0000,0.0000,0.0000,0.0000,0.0000,0.0000,0.0000,0.0000,0.0000,0.0000,0.0000,0.0000,0.0000,0.0000,0.0000,0.0000,0.0000,0.0000,0.0000,0.0000,0.0000,0.0000,0.0000,0.0000,0.0000,0.0000,0.0000,0.0000,0.0000,0.0000,0.0000,0.0000,0.0000,0.0000,0.0000","1,8,1,8","32,32,32,32,32,32,32,32,32,32,32,32,32,32,32,32,32,32,32,32,32,32,32,32,32,32,32,32,32,32,32,32,32,32,32,32,32,32,32,32,32,32,32,32,32,32,32,32,32,32,32,32,32,32,32,32,32,32,32,32,32,32,32,32"
1094,38.26,36.98,"9.83,13.40,14.94,16.14,17.01,17.55,17.95,18.31,18.73,19.03,19.39,19.71,20.02,20.32,20.58,20.79,21.03,21.20,21.43,21.64,21.83,22.02,22.19,22.33,22.49,22.62,22.78,22.94,23.08,23.23,23.35,23.46,23.58,23.68,23.80,23.93,24.05,24.16,24.26,24.35,24.45,24.53,24.63,24.74,24.84,24.93,25.02,25.09,25.18,25.25,25.33,25.42,25.51,25.59,25.66,25.73,25.80,25.87,25.93,26.02,26.09,26.16,26.23,26.30","0.8809,0.8798,0.8578,0.7878","1.1347,1.0596,1.0195,0.7861,0.0001,0.0001,0.0001,0.0001,0.0000,0.0000,0.0000,0.0000,0.0000,0.0000,0.0000,0.0000,0.0000,0.0000,0.0000,0.0000,0.0000,0.0000,0.0000,0.0000,0.0000,0.0000,0.0000,0.0000,0.0000,0.0000,0.0000,0.0000,0.0000,0.0000,0.0000,0.0000,0.0000,0.0000,0.0000,0.0000,0.0000,0.0000,0.0000,0.0000,0.0000,0.0000,0.0000,0.0000,0.0000,0.0000,0.0000,0.0000,0.0000,0.0000,0.0000,0.0000,0.0000,0.0000,0.0000,0.0000,0.0000,0.0000,0.0000,0.0000","0,0,9,0","40,40,40,40,40,40,40,40,40,40,40,40,40,40,40,40,40,40,40,40,40,40,40,40,40,40,40,40,40,40,40,40,40,40,40,40,40,40,40,40,40,40,40,40,40,40,40,40,40,40,40,40,40,40,40,40,40,40,40,40,40,40,40,40"
1095,29.41,29.87,"10.64,11.84,13.08,14.17,15.10,15.89,16.55,17.12,17.52,17.78,17.95,18.10,18.26,18.46,18.70,18.96,19.19,19.35,19.46,19.54,19.63,19.75,19.89,20.07,20.22,20.34,20.42,20.48,20.54,20.62,20.72,20.85,20.97,21.06,21.13,21.18,21.23,21.28,21.37,21.47,21.56,21.64,21.69,21.73,21.77,21.82,21.88,21.97,22.05,22.11,22.16,22.19,22.21,22.25,22.31,22.37,22.43,22.48,22.50,22.52,22.53,22.55,22.60,22.65","1.0633,1.0526,0.9155,0.5068","1.3867,1.3486,0.6860,0.5786,0.0001,0.0001,0.0000,0.0000,0.0000,0.0000,0.0000,0.0000,0.0000,0.0000,0.0000,0.0000,0.0000,0.0000,0.0000,0.0000,0.0000,0.0000,0.0000,0.0000,0.0000,0.0000,0.0000,0.0000,0.0000,0.0000,0.0000,0.0000,0.0000,0.0000,0.0000,0.0000,0.0000,0.0000,0.0000,0.0000,0.0000,0.0000,0.0000,0.0000,0.0000,0.0000,0.0000,0.0000,0.0000,0.0000,0.0000,0.0000,0.0000,0.0000,0.0000,0.0000,0.0000,0.0000,0.0000,0.0000,0.0000,0.0000,0.0000,0.0000","4,4,4,4","24,24,24,24,24,24,24,24,24,24,24,24,24,24,24,24,24,24,24,24,24,24,24,24,24,24,24,24,24,24,24,24,24,24,24,24,24,24,24,24,24,24,24,24,24,24,24,24,24,24,24,24,24,24,24,24,24,24,24,26,24,24,24,24"
1096,37.44,36.61,"11.20,13.76,15.62,16.91,17.84,18.53,19.05,19.66,20.09,20.35,20.56,20.77,20.98,21.20,21.45,21.73,21.96,22.11,22.23,22.36,22.49,22.62,22.78,22.97,23.12,23.23,23.32,23.41,23.50,23.60,23.72,23.87,23.99,24.07,24.14,24.21,24.28,24.36,24.45,24.58,24.68,24.74,24.80,24.86,24.92,24.98,25.06,25.17,25.25,25.31,25.36,25.41,25.46,25.51,25.58,25.68,25.75,25.80,25.84,25.89,25.93,25.98,26.05,26.13","0.8980,0.8950,0.8824,0.7012","1.1846,1.1250,1.0693,0.6216,0.0001,0.0001,0.0001,0.0000,0.0000,0.0000,0.0000,0.0000,0.0000,0.0000,0.0000,0.0000,0.0000,0.0000,0.0000,0.0000,0.0000,0.0000,0.0000,0.0000,0.0000,0.0000,0.0000,0.0000,0.0000,0.0000,0.0000,0.0000,0.0000,0.0000,0.0000,0.0000,0.0000,0.0000,0.0000,0.0000,0.0000,0.0000,0.0000,0.0000,0.0000,0.0000,0.0000,0.0000,0.0000,0.0000,0.0000,0.0000,0.0000,0.0000,0.0000,0.0000,0.0000,0.0000,0.0000,0.0000,0.0000,0.0000,0.0000,0.0000","1,1,1,1","32,32,32,32,32,32,32,32,32,32,32,32,32,32,32,32,32,32,32,32,32,32,32,32,32,32,32,32,32,32,32,32,32,32,32,32,32,32,32,32,32,32,32,32,32,32,32,32,32,32,32,32,32,32,32,32,32,32,32,32,32,32,32,32"
1097,49.14,49.75,"10.64,16.76,19.32,20.92,22.17,23.60,24.80,25.64,26.47,27.10,27.49,27.86,28.26,28.70,29.13,29.52,29.94,30.26,30.50,30.72,30.93,31.17,31.44,31.72,31.99,32.22,32.40,32.54,32.71,32.90,33.09,33.29,33.50,33.66,33.81,33.92,34.03,34.18,34.34,34.49,34.65,34.79,34.90,35.01,35.10,35.22,35.36,35.49,35.62,35.74,35.84,35.92,36.00,36.10,36.21,36.33,36.44,36.54,36.63,36.70,36.77,36.86,36.95,37.05","0.7997,0.7993,0.7931,0.7886","1.0137,1.0059,0.9932,0.9868,0.0001,0.0001,0.0001,0.0001,0.0000,0.0000,0.0000,0.0000,0.0000,0.0000,0.0000,0.0000,0.0000,0.0000,0.0000,0.0000,0.0000,0.0000,0.0000,0.0000,0.0000,0.0000,0.0000,0.0000,0.0000,0.0000,0.0000,0.0000,0.0000,0.0000,0.0000,0.0000,0.0000,0.0000,0.0000,0.0000,0.0000,0.0000,0.0000,0.0000,0.0000,0.0000,0.0000,0.0000,0.0000,0.0000,0.0000,0.0000,0.0000,0.0000,0.0000,0.0000,0.0000,0.0000,0.0000,0.0000,0.0000,0.0000,0.0000,0.0000","5,5,5,5","25,9,41,41,25,9,25,25,25,9,9,25,9,25,25,25,25,25,9,25,25,25,25,25,25,25,25,25,25,25,25,9,25,9,25,25,9,25,25,25,25,9,25,25,25,25,25,25,25,9,25,25,25,25,25,25,25,9,9,25,25,25,25,25"
1098,43.71,36.10,"10.90,14.61,16.16,17.23,17.94,18.45,18.79,19.03,19.18,19.56,19.76,19.94,20.16,20.32,20.40,20.58,20.71,20.74,20.84,20.97,21.13,21.31,21.41,21.50,21.63,21.72,21.96,22.07,22.14,22.20,22.28,22.31,22.39,22.45,22.52,22.57,22.69,22.72,22.72,22.74,22.74,22.79,22.98,23.16,23.20,23.25,23.26,23.41,23.52,23.62,23.69,23.79,23.81,23.82,23.80,23.93,22.91,23.06,23.14,23.21,24.26,24.29,24.41,24.42","0.6636,0.6630,0.6529,0.6284","1.0567,1.0381,0.9917,0.9135,0.0001,0.0001,0.0001,0.0000,0.0000,0.0000,0.0000,0.0000,0.0000,0.0000,0.0000,0.0000,0.0000,0.0000,0.0000,0.0000,0.0000,0.0000,0.0000,0.0000,0.0000,0.0000,0.0000,0.0000,0.0000,0.0000,0.0000,0.0000,0.0000,0.0000,0.0000,0.0000,0.0000,0.0000,0.0000,0.0000,0.0000,0.0000,0.0000,0.0000,0.0000,0.0000,0.0000,0.0000,0.0000,0.0000,0.0000,0.0000,0.0000,0.0000,0.0000,0.0000,0.0000,0.0000,0.0000,0.0000,0.0000,0.0000,0.0000,0.0000","4,4,4,4","50,50,50,50,50,50,50,50,50,50,50,50,50,50,50,50,50,50,50,50,50,50,50,50,50,50,50,50,50,50,50,50,50,50,50,50,50,50,18,2,34,50,2,50,50,18,50,50,2,18,50,2,34,18,18,2,50,50,50,50,50,50,50,18"
1099,60.35,47.36,"11.00,16.63,19.54,20.97,21.96,22.79,23.65,24.09,24.62,25.08,25.47,26.01,26.39,26.71,27.04,27.36,27.60,27.88,28.16,28.38,28.65,28.83,29.06,29.22,29.41,29.61,29.77,29.95,30.11,30.24,30.38,30.52,30.65,30.82,30.95,31.03,31.20,31.32,31.43,31.49,31.60,31.73,31.82,32.00,32.10,32.11,32.18,32.31,32.35,32.49,32.60,32.70,32.79,32.85,32.94,33.01,33.08,33.18,33.27,33.35,33.44,33.51,33.57,33.64","0.5581,0.5580,0.5577,0.5552","1.0752,1.0029,0.9756,0.9463,0.0001,0.0001,0.0001,0.0001,0.0000,0.0000,0.0000,0.0000,0.0000,0.0000,0.0000,0.0000,0.0000,0.0000,0.0000,0.0000,0.0000,0.0000,0.0000,0.0000,0.0000,0.0000,0.0000,0.0000,0.0000,0.0000,0.0000,0.0000,0.0000,0.0000,0.0000,0.0000,0.0000,0.0000,0.0000,0.0000,0.0000,0.0000,0.0000,0.0000,0.0000,0.0000,0.0000,0.0000,0.0000,0.0000,0.0000,0.0000,0.0000,0.0000,0.0000,0.0000,0.0000,0.0000,0.0000,0.0000,0.0000,0.0000,0.0000,0.0000","4,4,4,4","18,16,16,16,18,18,16,16,18,16,16,16,16,16,16,16,18,16,16,16,16,16,18,16,16,16,16,16,16,18,18,16,16,16,16,16,18,16,18,16,16,18,16,16,16,22,16,16,16,16,16,16,16,18,16,16,16,16,16,16,16,16,18,16"
1100,56.74,45.58,"11.12,15.72,17.34,18.30,19.16,19.89,20.57,21.34,21.94,22.38,22.71,23.02,23.30,23.51,23.78,24.13,24.47,24.72,24.90,25.10,25.28,25.40,25.55,25.78,26.01,26.18,26.30,26.47,26.59,26.68,26.79,26.95,27.14,27.27,27.36,27.50,27.59,27.67,27.75,27.88,28.02,28.12,28.21,28.33,28.39,28.47,28.51,28.60,28.61,28.73,28.81,28.92,28.98,29.00,29.06,29.09,29.07,29.18,29.24,29.35,29.39,29.44,29.49,29.52","0.5722,0.5717,0.5714,0.5644","1.0391,1.0186,0.9765,0.9658,0.0001,0.0001,0.0001,0.0001,0.0000,0.0000,0.0000,0.0000,0.0000,0.0000,0.0000,0.0000,0.0000,0.0000,0.0000,0.0000,0.0000,0.0000,0.0000,0.0000,0.0000,0.0000,0.0000,0.0000,0.0000,0.0000,0.0000,0.0000,0.0000,0.0000,0.0000,0.0000,0.0000,0.0000,0.0000,0.0000,0.0000,0.0000,0.0000,0.0000,0.0000,0.0000,0.0000,0.0000,0.0000,0.0000,0.0000,0.0000,0.0000,0.0000,0.0000,0.0000,0.0000,0.0000,0.0000,0.0000,0.0000,0.0000,0.0000,0.0000","4,4,4,4","18,18,18,18,18,18,18,18,18,8,24,18,18,18,18,18,18,8,24,8,18,18,18,18,18,18,24,8,18,18,18,18,18,18,24,8,18,18,18,18,18,18,8,8,18,18,24,18,8,8,8,8,18,8,8,8,8,8,8,8,8,8,24,24"
1101,60.91,48.67,"11.20,16.89,20.83,22.19,23.38,24.07,24.71,25.21,25.47,25.98,26.42,26.70,27.07,27.50,27.87,28.14,28.45,28.73,29.08,29.35,29.57,29.78,30.00,30.16,30.34,30.60,30.78,30.94,31.09,31.20,31.33,31.43,31.71,31.85,32.06,32.22,32.34,32.45,32.58,32.70,32.77,32.91,33.04,33.16,33.26,33.37,33.48,33.57,33.66,33.78,33.90,34.02,34.12,34.20,34.28,34.38,34.46,34.56,34.65,34.72,34.79,34.86,34.94,35.01","0.5939,0.5937,0.5933,0.5926","1.0547,1.0322,0.9780,0.9351,0.0001,0.0001,0.0001,0.0001,0.0000,0.0000,0.0000,0.0000,0.0000,0.0000,0.0000,0.0000,0.0000,0.0000,0.0000,0.0000,0.0000,0.0000,0.0000,0.0000,0.0000,0.0000,0.0000,0.0000,0.0000,0.0000,0.0000,0.0000,0.0000,0.0000,0.0000,0.0000,0.0000,0.0000,0.0000,0.0000,0.0000,0.0000,0.0000,0.0000,0.0000,0.0000,0.0000,0.0000,0.0000,0.0000,0.0000,0.0000,0.0000,0.0000,0.0000,0.0000,0.0000,0.0000,0.0000,0.0000,0.0000,0.0000,0.0000,0.0000","5,5,5,5","18,1,18,16,16,16,18,18,1,1,1,1,1,18,18,18,1,1,18,18,18,18,18,18,1,1,1,18,18,18,18,18,1,18,18,18,18,18,18,18,18,1,1,1,18,18,18,18,1,1,18,18,18,18,18,18,1,1,1,18,18,18,18,18"
1102,49.54,45.29,"11.18,16.77,19.65,21.19,21.97,22.95,23.72,24.26,24.77,25.33,25.76,26.17,26.58,26.87,27.15,27.42,27.69,27.92,28.20,28.43,28.67,28.86,29.03,29.20,29.40,29.57,29.74,29.92,30.09,30.23,30.37,30.53,30.69,30.83,30.95,31.09,31.22,31.33,31.45,31.58,31.70,31.80,31.90,32.01,32.12,32.22,32.30,32.39,32.49,32.57,32.66,32.75,32.84,32.92,32.99,33.07,33.17,33.25,33.33,33.40,33.48,33.56,33.62,33.70","0.6661,0.6656,0.6642,0.6411","1.0596,0.9993,0.9703,0.9702,0.0001,0.0001,0.0001,0.0001,0.0000,0.0000,0.0000,0.0000,0.0000,0.0000,0.0000,0.0000,0.0000,0.0000,0.0000,0.0000,0.0000,0.0000,0.0000,0.0000,0.0000,0.0000,0.0000,0.0000,0.0000,0.0000,0.0000,0.0000,0.0000,0.0000,0.0000,0.0000,0.0000,0.0000,0.0000,0.0000,0.0000,0.0000,0.0000,0.0000,0.0000,0.0000,0.0000,0.0000,0.0000,0.0000,0.0000,0.0000,0.0000,0.0000,0.0000,0.0000,0.0000,0.0000,0.0000,0.0000,0.0000,0.0000,0.0000,0.0000","4,4,4,4","18,2,2,18,18,2,2,18,18,2,2,2,2,18,2,18,18,2,2,2,2,2,18,18,18,18,2,2,2,2,18,18,18,18,2,2,2,2,18,18,18,18,2,2,2,2,18,18,18,18,2,2,2,2,18,18,18,18,2,2,2,2,18,18"
1103,41.87,38.04,"10.33,13.46,15.27,16.60,17.76,18.62,19.27,19.94,20.31,20.68,21.01,21.32,21.59,21.86,22.13,22.42,22.60,22.83,23.00,23.27,23.45,23.57,23.67,23.86,24.08,24.26,24.34,24.55,24.71,24.83,24.97,25.13,25.23,25.43,25.45,25.55,25.60,25.71,25.85,26.14,26.23,26.27,26.28,26.31,26.42,26.55,26.70,26.80,26.97,27.12,27.21,27.24,27.27,27.33,27.41,27.58,27.71,27.79,27.83,27.86,27.92,28.02,28.15,28.25","0.7911,0.7894,0.7759,0.7715","1.0742,0.9961,0.9771,0.9527,0.0001,0.0001,0.0001,0.0001,0.0000,0.0000,0.0000,0.0000,0.0000,0.0000,0.0000,0.0000,0.0000,0.0000,0.0000,0.0000,0.0000,0.0000,0.0000,0.0000,0.0000,0.0000,0.0000,0.0000,0.0000,0.0000,0.0000,0.0000,0.0000,0.0000,0.0000,0.0000,0.0000,0.0000,0.0000,0.0000,0.0000,0.0000,0.0000,0.0000,0.0000,0.0000,0.0000,0.0000,0.0000,0.0000,0.0000,0.0000,0.0000,0.0000,0.0000,0.0000,0.0000,0.0000,0.0000,0.0000,0.0000,0.0000,0.0000,0.0000","9,9,1,9","10,10,10,10,10,10,10,10,10,10,10,10,10,10,10,10,10,10,10,10,10,10,10,10,10,10,10,10,10,10,10,10,10,10,10,10,10,10,10,10,10,10,8,10,10,10,10,10,10,10,10,10,10,10,10,10,10,10,10,10,10,10,10,10"
1104,46.97,45.59,"11.20,15.84,18.61,20.17,21.41,22.59,23.58,24.38,25.01,25.50,25.88,26.21,26.47,26.75,27.13,27.51,27.85,28.19,28.45,28.66,28.89,29.15,29.39,29.61,29.82,29.99,30.13,30.25,30.38,30.53,30.68,30.81,30.94,31.06,31.17,31.26,31.36,31.48,31.61,31.74,31.87,31.99,32.11,32.19,32.28,32.38,32.50,32.61,32.74,32.85,32.93,32.99,33.06,33.14,33.22,33.28,33.36,33.43,33.49,33.54,33.60,33.66,33.72,33.77","0.7944,0.7940,0.7921,0.7618","1.0976,1.0596,0.9224,0.9204,0.0001,0.0001,0.0001,0.0001,0.0000,0.0000,0.0000,0.0000,0.0000,0.0000,0.0000,0.0000,0.0000,0.0000,0.0000,0.0000,0.0000,0.0000,0.0000,0.0000,0.0000,0.0000,0.0000,0.0000,0.0000,0.0000,0.0000,0.0000,0.0000,0.0000,0.0000,0.0000,0.0000,0.0000,0.0000,0.0000,0.0000,0.0000,0.0000,0.0000,0.0000,0.0000,0.0000,0.0000,0.0000,0.0000,0.0000,0.0000,0.0000,0.0000,0.0000,0.0000,0.0000,0.0000,0.0000,0.0000,0.0000,0.0000,0.0000,0.0000","5,5,5,5","18,2,18,18,18,18,18,18,18,18,18,2,18,18,18,18,18,18,18,18,18,18,18,18,18,18,18,18,18,18,18,18,18,18,18,2,2,2,18,18,18,18,18,18,18,18,18,18,18,18,18,2,2,18,18,18,18,18,2,2,2,2,2,2"
1105,27.47,27.18,"11.26,12.56,13.79,14.81,15.64,16.33,16.90,17.39,17.79,18.05,18.23,18.38,18.55,18.74,18.97,19.21,19.43,19.59,19.70,19.79,19.89,20.00,20.14,20.29,20.45,20.57,20.66,20.72,20.78,20.86,20.96,21.08,21.20,21.30,21.36,21.41,21.47,21.52,21.60,21.69,21.79,21.88,21.93,21.97,22.02,22.06,22.12,22.20,22.29,22.36,22.40,22.45,22.48,22.52,22.57,22.63,22.71,22.77,22.82,22.85,22.86,22.89,22.94,22.99","1.4062,1.3710,1.2217,0.0001","1.8135,1.7177,0.4685,0.0001,0.0001,0.0001,0.0001,0.0000,0.0000,0.0000,0.0000,0.0000,0.0000,0.0000,0.0000,0.0000,0.0000,0.0000,0.0000,0.0000,0.0000,0.0000,0.0000,0.0000,0.0000,0.0000,0.0000,0.0000,0.0000,0.0000,0.0000,0.0000,0.0000,0.0000,0.0000,0.0000,0.0000,0.0000,0.0000,0.0000,0.0000,0.0000,0.0000,0.0000,0.0000,0.0000,0.0000,0.0000,0.0000,0.0000,0.0000,0.0000,0.0000,0.0000,0.0000,0.0000,0.0000,0.0000,0.0000,0.0000,0.0000,0.0000,0.0000,0.0000","4,4,4,4","32,32,32,32,32,32,32,32,32,32,32,32,32,32,32,32,32,32,32,32,32,32,32,32,32,32,32,32,32,32,32,32,32,32,32,32,32,32,32,32,32,32,32,32,32,32,32,32,32,32,32,32,32,32,32,32,32,32,32,32,32,32,32,32"
1106,60.71,45.47,"10.34,14.59,17.12,18.65,19.57,20.23,20.83,21.28,21.72,22.13,22.64,22.92,23.22,23.48,23.85,24.18,24.32,24.51,24.79,24.93,25.16,25.37,25.58,25.82,25.95,26.11,26.34,26.48,26.60,26.77,26.90,27.05,27.12,27.26,27.37,27.51,27.59,27.73,27.86,28.02,28.11,28.18,28.27,28.46,28.54,28.62,28.76,28.89,28.94,29.00,29.08,29.17,29.25,29.29,29.38,29.49,29.57,29.63,29.68,29.73,29.83,29.92,29.98,30.07","0.5596,0.5591,0.5591,0.5561","1.0351,0.9991,0.9961,0.9697,0.0001,0.0001,0.0001,0.0001,0.0000,0.0000,0.0000,0.0000,0.0000,0.0000,0.0000,0.0000,0.0000,0.0000,0.0000,0.0000,0.0000,0.0000,0.0000,0.0000,0.0000,0.0000,0.0000,0.0000,0.0000,0.0000,0.0000,0.0000,0.0000,0.0000,0.0000,0.0000,0.0000,0.0000,0.0000,0.0000,0.0000,0.0000,0.0000,0.0000,0.0000,0.0000,0.0000,0.0000,0.0000,0.0000,0.0000,0.0000,0.0000,0.0000,0.0000,0.0000,0.0000,0.0000,0.0000,0.0000,0.0000,0.0000,0.0000,0.0000","8,0,8,0","17,33,17,33,17,33,17,33,17,33,33,17,17,33,33,17,17,33,33,17,33,17,33,17,17,17,33,33,33,17,33,17,33,17,17,33,17,17,17,33,17,17,17,33,17,33,17,33,33,33,17,33,33,33,17,33,17,33,17,17,33,33,17,17"
1107,57.01,45.17,"10.30,14.44,16.44,17.42,18.22,18.79,19.34,19.73,20.11,20.49,20.82,21.37,21.46,21.72,21.93,22.12,22.28,22.54,22.70,22.99,23.26,23.42,23.57,23.64,23.76,23.93,24.12,24.29,24.49,24.62,24.73,24.84,24.97,25.05,25.23,25.34,25.50,25.61,25.70,25.80,25.89,26.00,26.12,26.23,26.33,26.43,26.51,26.59,26.64,26.76,26.83,26.93,27.01,27.08,27.15,27.17,27.19,27.31,27.41,27.49,27.57,27.64,27.68,27.72","0.6138,0.6137,0.6132,0.6089","1.0488,0.9961,0.9863,0.9692,0.0001,0.0001,0.0001,0.0001,0.0000,0.0000,0.0000,0.0000,0.0000,0.0000,0.0000,0.0000,0.0000,0.0000,0.0000,0.0000,0.0000,0.0000,0.0000,0.0000,0.0000,0.0000,0.0000,0.0000,0.0000,0.0000,0.0000,0.0000,0.0000,0.0000,0.0000,0.0000,0.0000,0.0000,0.0000,0.0000,0.0000,0.0000,0.0000,0.0000,0.0000,0.0000,0.0000,0.0000,0.0000,0.0000,0.0000,0.0000,0.0000,0.0000,0.0000,0.0000,0.0000,0.0000,0.0000,0.0000,0.0000,0.0000,0.0000,0.0000","4,4,13,4","10,32,32,32,10,32,10,10,32,32,10,32,26,10,10,10,16,32,32,32,32,10,10,16,32,32,32,32,32,10,10,10,32,32,32,32,32,32,10,10,32,32,32,32,32,32,10,10,10,32,32,32,32,32,10,32,32,32,32,32,32,32,32,10"
1108,44.76,37.73,"10.30,14.89,16.21,17.07,17.90,18.35,18.90,19.39,19.83,20.20,20.51,20.78,21.04,21.32,21.60,21.91,22.14,22.38,22.56,22.72,22.88,23.04,23.24,23.45,23.64,23.80,23.94,24.05,24.15,24.28,24.43,24.59,24.72,24.85,24.96,25.05,25.14,25.23,25.35,25.48,25.61,25.70,25.80,25.86,25.91,25.97,26.09,26.16,26.26,26.35,26.40,26.47,26.50,26.56,26.62,26.70,26.83,26.88,26.91,26.97,27.00,27.06,27.11,27.19","0.7189,0.7183,0.7089,0.6902","1.1768,1.1318,1.0020,0.6889,0.0001,0.0001,0.0001,0.0000,0.0000,0.0000,0.0000,0.0000,0.0000,0.0000,0.0000,0.0000,0.0000,0.0000,0.0000,0.0000,0.0000,0.0000,0.0000,0.0000,0.0000,0.0000,0.0000,0.0000,0.0000,0.0000,0.0000,0.0000,0.0000,0.0000,0.0000,0.0000,0.0000,0.0000,0.0000,0.0000,0.0000,0.0000,0.0000,0.0000,0.0000,0.0000,0.0000,0.0000,0.0000,0.0000,0.0000,0.0000,0.0000,0.0000,0.0000,0.0000,0.0000,0.0000,0.0000,0.0000,0.0000,0.0000,0.0000,0.0000","1,1,8,1","25,25,25,25,25,25,25,25,25,25,25,25,25,25,25,25,25,25,25,25,25,25,25,25,25,25,25,25,25,25,25,25,25,25,25,25,25,25,25,25,25,25,25,25,9,9,25,25,25,9,9,9,9,9,9,25,25,9,9,9,9,9,9,25"
1109,31.88,28.06,"11.02,12.71,14.22,15.39,16.28,16.94,17.44,17.93,18.30,18.54,18.72,18.90,19.08,19.27,19.48,19.71,19.89,19.91,19.96,20.08,20.23,20.22,20.38,20.53,20.67,20.76,20.82,20.84,20.84,20.84,20.85,20.84,20.90,20.86,21.16,21.27,21.34,21.41,21.48,21.55,21.64,21.71,21.76,21.82,21.87,21.96,22.05,22.17,22.26,22.33,22.39,22.43,22.49,22.56,22.65,22.75,22.81,22.88,22.92,22.96,22.99,23.05,23.10,23.17","1.0596,1.0557,0.9893,0.8111","1.5801,1.2744,0.7900,0.3559,0.0001,0.0001,0.0001,0.0000,0.0000,0.0000,0.0000,0.0000,0.0000,0.0000,0.0000,0.0000,0.0000,0.0000,0.0000,0.0000,0.0000,0.0000,0.0000,0.0000,0.0000,0.0000,0.0000,0.0000,0.0000,0.0000,0.0000,0.0000,0.0000,0.0000,0.0000,0.0000,0.0000,0.0000,0.0000,0.0000,0.0000,0.0000,0.0000,0.0000,0.0000,0.0000,0.0000,0.0000,0.0000,0.0000,0.0000,0.0000,0.0000,0.0000,0.0000,0.0000,0.0000,0.0000,0.0000,0.0000,0.0000,0.0000,0.0000,0.0000","5,5,5,5","25,25,25,25,25,25,25,25,25,25,25,25,25,25,25,25,25,31,25,25,25,29,25,25,25,25,25,31,31,29,31,29,25,25,25,25,25,25,25,25,25,25,25,25,25,25,25,25,25,25,25,25,25,25,25,25,25,25,25,25,25,25,25,25"
1127,26.75,23.07,"9.38,10.80,11.78,12.52,13.07,13.46,13.72,13.91,14.00,14.15,14.33,14.52,14.71,14.91,15.10,15.25,15.32,15.43,15.55,15.67,15.79,15.93,16.07,16.18,16.24,16.33,16.42,16.50,16.60,16.71,16.81,16.89,16.95,17.02,17.09,17.15,17.23,17.33,17.41,17.47,17.52,17.58,17.63,17.69,17.76,17.84,17.90,17.94,17.99,18.04,18.08,18.14,18.20,18.27,18.32,18.35,18.40,18.43,18.47,18.52,18.58,18.64,18.69,18.70","1.1679,1.1270,1.0137,0.6168","1.4053,1.2714,0.7383,0.5855,0.0001,0.0001,0.0001,0.0000,0.0000,0.0000,0.0000,0.0000,0.0000,0.0000,0.0000,0.0000,0.0000,0.0000,0.0000,0.0000,0.0000,0.0000,0.0000,0.0000,0.0000,0.0000,0.0000,0.0000,0.0000,0.0000,0.0000,0.0000,0.0000,0.0000,0.0000,0.0000,0.0000,0.0000,0.0000,0.0000,0.0000,0.0000,0.0000,0.0000,0.0000,0.0000,0.0000,0.0000,0.0000,0.0000,0.0000,0.0000,0.0000,0.0000,0.0000,0.0000,0.0000,0.0000,0.0000,0.0000,0.0000,0.0000,0.0000,0.0000","12,4,4,12","38,38,38,38,38,38,38,38,38,38,38,38,38,38,38,38,38,38,38,38,38,38,38,38,38,38,38,38,38,38,38,38,38,38,38,38,38,38,38,38,38,38,38,38,38,38,38,38,38,38,38,38,38,38,38,38,38,38,38,38,38,38,38,38"
1128,25.54,22.26,"9.75,11.34,12.40,13.16,13.72,14.13,14.45,14.70,14.89,15.07,15.24,15.44,15.64,15.83,16.00,16.17,16.31,16.42,16.53,16.64,16.76,16.89,17.01,17.13,17.23,17.31,17.39,17.48,17.56,17.65,17.74,17.84,17.92,17.99,18.06,18.12,18.19,18.26,18.33,18.41,18.48,18.54,18.58,18.65,18.70,18.75,18.83,18.90,18.95,18.99,19.04,19.09,19.13,19.19,19.24,19.31,19.35,19.39,19.44,19.47,19.52,19.55,19.62,19.68","1.4013,1.3273,1.2414,0.0297","1.6504,1.4649,0.8848,0.0001,0.0001,0.0001,0.0001,0.0000,0.0000,0.0000,0.0000,0.0000,0.0000,0.0000,0.0000,0.0000,0.0000,0.0000,0.0000,0.0000,0.0000,0.0000,0.0000,0.0000,0.0000,0.0000,0.0000,0.0000,0.0000,0.0000,0.0000,0.0000,0.0000,0.0000,0.0000,0.0000,0.0000,0.0000,0.0000,0.0000,0.0000,0.0000,0.0000,0.0000,0.0000,0.0000,0.0000,0.0000,0.0000,0.0000,0.0000,0.0000,0.0000,0.0000,0.0000,0.0000,0.0000,0.0000,0.0000,0.0000,0.0000,0.0000,0.0000,0.0000","8,8,8,8","31,31,31,31,31,31,31,31,31,31,31,31,31,31,31,31,31,31,31,31,31,31,31,31,31,31,31,31,31,31,31,31,31,31,31,31,31,31,31,31,31,31,31,31,31,31,31,31,31,31,31,31,31,31,31,31,31,31,31,31,31,31,31,31"
1129,28.69,25.72,"10.57,11.97,12.92,14.05,15.16,16.12,16.91,17.54,17.89,18.14,18.33,18.50,18.69,18.93,19.21,19.51,19.70,19.85,19.96,20.06,20.17,20.31,20.50,20.69,20.82,20.92,21.00,21.07,21.15,21.26,21.39,21.53,21.63,21.71,21.77,21.82,21.88,21.97,22.07,22.19,22.27,22.33,22.38,22.42,22.47,22.54,22.63,22.72,22.79,22.83,22.87,22.91,22.96,23.02,23.09,23.17,23.23,23.26,23.29,23.33,23.37,23.41,23.49,23.55","1.3906,1.3816,1.2273,0.0001","2.0058,1.9950,0.0001,0.0001,0.0001,0.0001,0.0000,0.0000,0.0000,0.0000,0.0000,0.0000,0.0000,0.0000,0.0000,0.0000,0.0000,0.0000,0.0000,0.0000,0.0000,0.0000,0.0000,0.0000,0.0000,0.0000,0.0000,0.0000,0.0000,0.0000,0.0000,0.0000,0.0000,0.0000,0.0000,0.0000,0.0000,0.0000,0.0000,0.0000,0.0000,0.0000,0.0000,0.0000,0.0000,0.0000,0.0000,0.0000,0.0000,0.0000,0.0000,0.0000,0.0000,0.0000,0.0000,0.0000,0.0000,0.0000,0.0000,0.0000,0.0000,0.0000,0.0000,0.0000","12,12,12,12","38,38,38,38,38,38,38,38,38,38,38,38,38,38,38,38,38,38,38,38,38,38,38,38,38,38,38,38,38,38,38,38,38,38,38,38,38,38,38,38,38,38,38,38,38,38,38,38,38,38,38,38,38,38,38,38,38,38,38,38,38,38,38,38"
1130,41.07,35.98,"9.82,12.32,14.49,15.59,16.31,16.84,17.36,17.76,18.08,18.38,18.69,18.99,19.28,19.53,19.78,20.02,20.23,20.42,20.59,20.75,20.92,21.09,21.27,21.46,21.65,21.80,21.93,22.06,22.18,22.31,22.44,22.59,22.74,22.87,22.98,23.08,23.17,23.28,23.40,23.52,23.64,23.73,23.82,23.90,23.98,24.06,24.16,24.26,24.36,24.45,24.52,24.58,24.64,24.72,24.80,24.88,24.96,25.03,25.10,25.15,25.21,25.27,25.34,25.40","0.9068,0.9063,0.8774,0.8056","1.0918,1.0478,0.9370,0.9233,0.0001,0.0001,0.0001,0.0001,0.0000,0.0000,0.0000,0.0000,0.0000,0.0000,0.0000,0.0000,0.0000,0.0000,0.0000,0.0000,0.0000,0.0000,0.0000,0.0000,0.0000,0.0000,0.0000,0.0000,0.0000,0.0000,0.0000,0.0000,0.0000,0.0000,0.0000,0.0000,0.0000,0.0000,0.0000,0.0000,0.0000,0.0000,0.0000,0.0000,0.0000,0.0000,0.0000,0.0000,0.0000,0.0000,0.0000,0.0000,0.0000,0.0000,0.0000,0.0000,0.0000,0.0000,0.0000,0.0000,0.0000,0.0000,0.0000,0.0000","8,1,8,3","39,55,39,39,39,39,55,55,55,55,39,39,39,39,39,39,55,55,39,39,39,39,39,39,39,55,55,39,39,39,39,39,39,39,55,55,39,39,39,39,39,55,55,55,39,39,39,39,39,55,55,39,39,39,39,39,39,55,55,55,39,39,39,39"
1131,44.06,39.27,"9.01,15.22,17.72,18.88,20.17,21.02,21.65,22.15,22.76,23.17,23.69,24.20,24.62,24.93,25.23,25.50,25.82,26.07,26.27,26.53,26.75,26.93,27.13,27.33,27.53,27.69,27.83,27.99,28.14,28.27,28.40,28.54,28.69,28.82,28.93,29.06,29.17,29.27,29.40,29.52,29.65,29.77,29.88,30.00,30.12,30.23,30.34,30.44,30.53,30.63,30.73,30.84,30.93,31.03,31.11,31.22,31.30,31.38,31.47,31.56,31.64,31.72,31.82,31.89","0.7650,0.7647,0.7445,0.7066","1.1650,1.1016,0.9595,0.7735,0.0001,0.0001,0.0001,0.0000,0.0000,0.0000,0.0000,0.0000,0.0000,0.0000,0.0000,0.0000,0.0000,0.0000,0.0000,0.0000,0.0000,0.0000,0.0000,0.0000,0.0000,0.0000,0.0000,0.0000,0.0000,0.0000,0.0000,0.0000,0.0000,0.0000,0.0000,0.0000,0.0000,0.0000,0.0000,0.0000,0.0000,0.0000,0.0000,0.0000,0.0000,0.0000,0.0000,0.0000,0.0000,0.0000,0.0000,0.0000,0.0000,0.0000,0.0000,0.0000,0.0000,0.0000,0.0000,0.0000,0.0000,0.0000,0.0000,0.0000","12,4,12,4","31,56,31,31,56,56,56,56,56,56,31,31,31,31,56,56,56,56,56,31,31,31,56,56,56,56,31,31,31,56,56,56,56,56,31,31,31,56,56,56,56,56,56,56,56,56,56,56,56,56,56,56,56,56,56,56,56,31,31,31,56,56,56,56"
1132,44.11,40.97,"9.49,14.27,15.96,16.93,17.75,18.47,19.19,19.63,20.19,20.60,21.00,21.37,21.71,22.03,22.33,22.55,22.88,23.15,23.39,23.57,23.79,23.99,24.18,24.36,24.62,24.81,24.99,25.16,25.28,25.43,25.56,25.72,25.89,26.01,26.15,26.31,26.41,26.53,26.62,26.72,26.86,26.97,27.08,27.19,27.28,27.39,27.43,27.50,27.65,27.73,27.83,27.92,28.00,28.08,28.14,28.15,28.24,28.32,28.43,28.51,28.59,28.65,28.72,28.77","0.7951,0.7948,0.7925,0.7371","1.0693,1.0401,1.0400,0.8496,0.0001,0.0001,0.0001,0.0001,0.0000,0.0000,0.0000,0.0000,0.0000,0.0000,0.0000,0.0000,0.0000,0.0000,0.0000,0.0000,0.0000,0.0000,0.0000,0.0000,0.0000,0.0000,0.0000,0.0000,0.0000,0.0000,0.0000,0.0000,0.0000,0.0000,0.0000,0.0000,0.0000,0.0000,0.0000,0.0000,0.0000,0.0000,0.0000,0.0000,0.0000,0.0000,0.0000,0.0000,0.0000,0.0000,0.0000,0.0000,0.0000,0.0000,0.0000,0.0000,0.0000,0.0000,0.0000,0.0000,0.0000,0.0000,0.0000,0.0000","1,9,1,9","32,17,34,17,34,32,32,34,32,17,34,17,34,32,32,32,32,17,17,34,34,34,32,32,32,32,17,17,34,32,34,32,32,32,34,17,34,32,34,34,32,17,17,17,34,17,34,34,32,17,34,32,34,32,34,9,32,34,34,17,32,32,34,34"
1133,36.91,34.00,"10.88,15.55,16.49,17.32,18.08,18.65,19.11,19.48,19.90,20.29,20.62,20.87,21.11,21.33,21.53,21.72,21.98,22.19,22.40,22.58,22.71,22.87,22.99,23.13,23.31,23.46,23.59,23.71,23.82,23.93,24.04,24.13,24.27,24.39,24.49,24.59,24.68,24.76,24.85,24.93,25.07,25.15,25.22,25.29,25.36,25.46,25.51,25.60,25.68,25.77,25.84,25.89,25.95,26.01,26.09,26.14,26.22,26.30,26.35,26.40,26.45,26.53,26.60,26.62","0.9106,0.9094,0.8744,0.7197","1.2529,1.1865,0.8696,0.6914,0.0001,0.0001,0.0001,0.0000,0.0000,0.0000,0.0000,0.0000,0.0000,0.0000,0.0000,0.0000,0.0000,0.0000,0.0000,0.0000,0.0000,0.0000,0.0000,0.0000,0.0000,0.0000,0.0000,0.0000,0.0000,0.0000,0.0000,0.0000,0.0000,0.0000,0.0000,0.0000,0.0000,0.0000,0.0000,0.0000,0.0000,0.0000,0.0000,0.0000,0.0000,0.0000,0.0000,0.0000,0.0000,0.0000,0.0000,0.0000,0.0000,0.0000,0.0000,0.0000,0.0000,0.0000,0.0000,0.0000,0.0000,0.0000,0.0000,0.0000","4,4,4,4","32,17,32,17,32,32,32,32,32,17,17,17,32,32,32,32,32,32,17,17,17,32,32,32,32,32,17,17,17,32,32,32,32,32,17,17,17,32,32,32,32,32,17,17,17,32,32,32,32,32,17,17,17,32,32,32,32,32,32,32,17,32,32,32"
1134,32.72,32.40,"11.16,13.92,15.79,17.02,17.91,18.68,19.32,19.86,20.33,20.58,20.80,21.03,21.23,21.45,21.71,21.99,22.26,22.40,22.54,22.67,22.79,22.92,23.09,23.29,23.47,23.57,23.67,23.76,23.85,23.95,24.07,24.23,24.37,24.44,24.52,24.60,24.67,24.74,24.84,24.98,25.08,25.15,25.21,25.27,25.33,25.39,25.53,25.61,25.70,25.77,25.80,25.85,25.91,25.96,26.05,26.15,26.24,26.28,26.33,26.37,26.41,26.48,26.52,26.64","1.1591,1.1551,1.0224,0.6616","1.4883,1.3125,0.7890,0.4094,0.0001,0.0001,0.0001,0.0000,0.0000,0.0000,0.0000,0.0000,0.0000,0.0000,0.0000,0.0000,0.0000,0.0000,0.0000,0.0000,0.0000,0.0000,0.0000,0.0000,0.0000,0.0000,0.0000,0.0000,0.0000,0.0000,0.0000,0.0000,0.0000,0.0000,0.0000,0.0000,0.0000,0.0000,0.0000,0.0000,0.0000,0.0000,0.0000,0.0000,0.0000,0.0000,0.0000,0.0000,0.0000,0.0000,0.0000,0.0000,0.0000,0.0000,0.0000,0.0000,0.0000,0.0000,0.0000,0.0000,0.0000,0.0000,0.0000,0.0000","1,1,1,1","32,32,32,32,32,32,32,32,32,32,32,32,32,32,32,32,32,32,32,32,32,32,32,32,32,32,32,32,32,32,32,32,32,32,32,32,32,32,32,32,32,32,32,32,32,32,32,32,32,32,32,32,32,32,32,32,32,32,32,32,32,32,32,32"
1135,30.20,30.58,"10.02,11.26,12.16,13.05,13.83,14.46,14.99,15.49,15.89,16.13,16.30,16.46,16.62,16.82,17.05,17.30,17.53,17.67,17.77,17.88,18.00,18.14,18.31,18.48,18.63,18.74,18.87,19.03,19.12,19.23,19.34,19.47,19.60,19.70,19.80,19.90,19.97,20.06,20.16,20.28,20.38,20.45,20.52,20.57,20.64,20.72,20.81,20.90,20.99,21.04,21.09,21.12,21.17,21.24,21.32,21.42,21.49,21.54,21.61,21.63,21.68,21.74,21.82,21.89","1.3015,1.2937,1.2302,0.1734","1.5156,1.3223,1.1592,0.0021,0.0001,0.0001,0.0001,0.0000,0.0000,0.0000,0.0000,0.0000,0.0000,0.0000,0.0000,0.0000,0.0000,0.0000,0.0000,0.0000,0.0000,0.0000,0.0000,0.0000,0.0000,0.0000,0.0000,0.0000,0.0000,0.0000,0.0000,0.0000,0.0000,0.0000,0.0000,0.0000,0.0000,0.0000,0.0000,0.0000,0.0000,0.0000,0.0000,0.0000,0.0000,0.0000,0.0000,0.0000,0.0000,0.0000,0.0000,0.0000,0.0000,0.0000,0.0000,0.0000,0.0000,0.0000,0.0000,0.0000,0.0000,0.0000,0.0000,0.0000","4,4,4,12","41,25,41,41,25,25,41,41,41,41,41,41,41,25,41,41,41,41,41,25,25,25,25,41,25,25,25,25,25,25,41,41,25,25,25,25,25,25,41,41,25,25,25,41,25,25,41,41,25,25,41,25,25,25,41,41,41,25,25,41,25,25,41,41"
1136,31.57,32.92,"10.54,12.48,13.81,15.02,15.97,16.75,17.39,17.92,18.33,18.59,18.76,18.91,19.09,19.31,19.57,19.83,20.05,20.20,20.31,20.41,20.51,20.63,20.79,20.98,21.13,21.24,21.32,21.39,21.46,21.55,21.67,21.82,21.93,22.01,22.07,22.13,22.19,22.26,22.36,22.63,22.71,22.78,22.83,22.88,22.93,22.99,23.07,23.18,23.26,23.31,23.35,23.38,23.43,23.48,23.55,23.65,23.71,23.76,23.80,23.83,23.87,23.91,23.97,24.07","1.2440,1.2412,1.1289,0.3860","1.6074,1.4531,0.8569,0.0824,0.0001,0.0001,0.0001,0.0000,0.0000,0.0000,0.0000,0.0000,0.0000,0.0000,0.0000,0.0000,0.0000,0.0000,0.0000,0.0000,0.0000,0.0000,0.0000,0.0000,0.0000,0.0000,0.0000,0.0000,0.0000,0.0000,0.0000,0.0000,0.0000,0.0000,0.0000,0.0000,0.0000,0.0000,0.0000,0.0000,0.0000,0.0000,0.0000,0.0000,0.0000,0.0000,0.0000,0.0000,0.0000,0.0000,0.0000,0.0000,0.0000,0.0000,0.0000,0.0000,0.0000,0.0000,0.0000,0.0000,0.0000,0.0000,0.0000,0.0000","0,0,0,0","41,25,41,41,41,41,41,41,41,41,41,41,41,41,41,41,41,41,41,41,41,41,41,41,41,41,41,41,41,41,41,41,41,41,41,41,41,41,41,41,41,41,41,41,41,41,41,41,41,41,24,41,41,41,41,41,41,41,25,41,41,41,41,41"
1137,35.62,34.20,"10.78,13.67,15.55,16.69,17.51,18.15,18.64,19.08,19.59,19.84,20.05,20.35,20.60,20.81,21.04,21.30,21.57,21.72,21.84,22.01,22.17,22.30,22.45,22.64,22.83,22.92,23.01,23.13,23.26,23.34,23.45,23.60,23.73,23.81,23.89,23.98,24.08,24.15,24.24,24.37,24.48,24.54,24.60,24.69,24.77,24.82,24.91,25.02,25.09,25.13,25.18,25.27,25.32,25.39,25.45,25.55,25.62,25.67,25.73,25.78,25.83,25.88,25.94,26.05","1.0927,1.0908,1.0585,0.7578","1.3447,1.0830,1.0605,0.5122,0.0001,0.0001,0.0001,0.0000,0.0000,0.0000,0.0000,0.0000,0.0000,0.0000,0.0000,0.0000,0.0000,0.0000,0.0000,0.0000,0.0000,0.0000,0.0000,0.0000,0.0000,0.0000,0.0000,0.0000,0.0000,0.0000,0.0000,0.0000,0.0000,0.0000,0.0000,0.0000,0.0000,0.0000,0.0000,0.0000,0.0000,0.0000,0.0000,0.0000,0.0000,0.0000,0.0000,0.0000,0.0000,0.0000,0.0000,0.0000,0.0000,0.0000,0.0000,0.0000,0.0000,0.0000,0.0000,0.0000,0.0000,0.0000,0.0000,0.0000","4,4,4,4","41,41,41,41,41,41,41,41,41,41,41,41,41,41,41,41,41,41,41,41,41,41,41,41,41,41,41,41,40,41,41,41,41,41,40,41,41,40,41,41,41,41,40,41,40,40,41,25,41,41,40,40,40,41,40,41,41,40,41,41,25,41,40,41"
1138,47.71,36.86,"10.75,13.65,15.49,16.71,17.64,18.35,18.94,19.48,19.93,20.21,20.44,20.69,20.92,21.14,21.38,21.68,21.91,22.05,22.17,22.31,22.47,22.65,22.82,23.03,23.15,23.30,23.40,23.50,23.61,23.76,23.88,24.03,24.18,24.33,24.41,24.50,24.63,24.75,24.85,25.00,25.08,25.16,25.23,25.32,25.41,25.46,25.55,25.65,25.66,25.74,25.80,25.90,25.98,26.06,26.15,26.25,26.30,26.37,26.46,26.51,26.59,26.64,26.73,26.86","0.6017,0.6005,0.5919,0.5795","1.0771,1.0586,1.0439,0.8203,0.0001,0.0001,0.0001,0.0001,0.0000,0.0000,0.0000,0.0000,0.0000,0.0000,0.0000,0.0000,0.0000,0.0000,0.0000,0.0000,0.0000,0.0000,0.0000,0.0000,0.0000,0.0000,0.0000,0.0000,0.0000,0.0000,0.0000,0.0000,0.0000,0.0000,0.0000,0.0000,0.0000,0.0000,0.0000,0.0000,0.0000,0.0000,0.0000,0.0000,0.0000,0.0000,0.0000,0.0000,0.0000,0.0000,0.0000,0.0000,0.0000,0.0000,0.0000,0.0000,0.0000,0.0000,0.0000,0.0000,0.0000,0.0000,0.0000,0.0000","8,8,8,1","50,50,50,50,50,50,50,50,50,50,50,50,50,50,50,50,50,50,50,50,50,50,50,50,50,1,1,50,50,1,50,50,1,1,50,50,1,1,50,50,50,50,50,1,1,50,50,1,1,50,50,1,50,50,50,50,50,50,50,50,50,50,50,50"
1139,59.76,43.50,"11.08,15.09,17.61,18.58,19.59,20.25,20.82,21.40,21.92,22.04,22.37,22.70,22.99,23.13,23.33,23.67,23.82,23.97,24.04,24.29,24.48,24.58,24.81,25.03,25.10,25.13,25.13,25.20,25.45,25.57,25.59,25.80,25.87,25.93,26.01,26.07,26.17,26.23,26.22,26.33,26.32,26.36,26.43,26.43,26.54,26.52,26.62,26.71,26.84,26.91,26.98,27.09,27.19,27.24,27.33,27.46,27.56,27.62,27.63,27.64,27.66,27.71,27.80,27.99","0.5152,0.5151,0.5103,0.5097","1.0029,1.0000,0.9985,0.9981,0.0001,0.0001,0.0001,0.0000,0.0000,0.0000,0.0000,0.0000,0.0000,0.0000,0.0000,0.0000,0.0000,0.0000,0.0000,0.0000,0.0000,0.0000,0.0000,0.0000,0.0000,0.0000,0.0000,0.0000,0.0000,0.0000,0.0000,0.0000,0.0000,0.0000,0.0000,0.0000,0.0000,0.0000,0.0000,0.0000,0.0000,0.0000,0.0000,0.0000,0.0000,0.0000,0.0000,0.0000,0.0000,0.0000,0.0000,0.0000,0.0000,0.0000,0.0000,0.0000,0.0000,0.0000,0.0000,0.0000,0.0000,0.0000,0.0000,0.0000","4,4,4,4","57,42,57,57,57,57,57,57,57,57,57,57,57,57,57,57,57,57,57,57,57,42,57,57,59,59,59,57,57,57,42,57,59,57,57,57,57,57,63,57,63,42,57,57,42,63,42,57,57,57,57,57,57,57,57,57,57,57,59,59,57,57,57,57"
1140,57.62,44.79,"10.87,16.27,19.12,20.36,21.35,22.40,23.08,23.56,24.23,24.67,25.02,25.38,25.76,26.15,26.51,26.79,27.17,27.43,27.65,27.84,28.04,28.26,28.48,28.70,28.95,29.13,29.29,29.44,29.58,29.74,29.92,30.09,30.27,30.42,30.55,30.65,30.75,30.88,31.02,31.16,31.30,31.42,31.52,31.60,31.68,31.78,31.90,32.01,32.11,32.23,32.31,32.37,32.45,32.54,32.64,32.74,32.85,32.94,33.01,33.08,33.14,33.22,33.32,33.41","0.5558,0.5556,0.5542,0.5516","1.0576,1.0127,0.9683,0.9619,0.0001,0.0001,0.0001,0.0001,0.0000,0.0000,0.0000,0.0000,0.0000,0.0000,0.0000,0.0000,0.0000,0.0000,0.0000,0.0000,0.0000,0.0000,0.0000,0.0000,0.0000,0.0000,0.0000,0.0000,0.0000,0.0000,0.0000,0.0000,0.0000,0.0000,0.0000,0.0000,0.0000,0.0000,0.0000,0.0000,0.0000,0.0000,0.0000,0.0000,0.0000,0.0000,0.0000,0.0000,0.0000,0.0000,0.0000,0.0000,0.0000,0.0000,0.0000,0.0000,0.0000,0.0000,0.0000,0.0000,0.0000,0.0000,0.0000,0.0000","9,9,9,9","17,2,17,17,2,17,2,2,17,2,2,17,17,17,17,2,17,17,2,2,17,17,2,17,17,17,2,2,2,17,2,17,17,17,2,2,2,17,17,17,17,17,2,2,2,2,17,17,17,17,2,2,2,2,2,17,17,17,17,2,2,2,2,17"
1141,63.36,49.80,"10.15,15.01,17.85,20.42,22.03,23.41,24.63,25.56,26.17,26.62,27.01,27.35,27.63,27.91,28.17,28.55,28.90,29.14,29.38,29.60,29.79,29.95,30.10,30.31,30.55,30.74,30.92,31.09,31.24,31.36,31.48,31.60,31.75,31.90,32.06,32.20,32.32,32.43,32.54,32.61,32.73,32.84,32.94,33.04,33.13,33.22,33.30,33.41,33.50,33.64,33.77,33.88,33.98,34.05,34.12,34.20,34.26,34.35,34.46,34.55,34.63,34.71,34.77,34.84","0.5631,0.5629,0.5626,0.5581","1.0361,1.0137,1.0107,0.9399,0.0001,0.0001,0.0001,0.0001,0.0000,0.0000,0.0000,0.0000,0.0000,0.0000,0.0000,0.0000,0.0000,0.0000,0.0000,0.0000,0.0000,0.0000,0.0000,0.0000,0.0000,0.0000,0.0000,0.0000,0.0000,0.0000,0.0000,0.0000,0.0000,0.0000,0.0000,0.0000,0.0000,0.0000,0.0000,0.0000,0.0000,0.0000,0.0000,0.0000,0.0000,0.0000,0.0000,0.0000,0.0000,0.0000,0.0000,0.0000,0.0000,0.0000,0.0000,0.0000,0.0000,0.0000,0.0000,0.0000,0.0000,0.0000,0.0000,0.0000","9,1,9,9","10,10,10,10,10,10,10,10,10,58,58,10,10,10,10,10,10,58,10,10,58,10,10,10,10,10,10,10,10,10,10,10,10,10,58,58,58,58,10,10,58,58,10,10,58,10,10,10,10,10,10,10,58,58,10,10,58,10,58,58,10,10,10,10"
1142,46.82,42.22,"11.71,15.66,17.60,18.69,19.33,19.85,20.43,20.97,21.56,21.84,22.05,22.30,22.55,22.78,23.16,23.66,23.97,24.12,24.24,24.38,24.53,24.67,24.86,25.18,25.38,25.47,25.54,25.62,25.80,26.02,26.10,26.29,26.46,26.53,26.55,26.53,26.51,26.71,26.94,27.11,27.25,27.31,27.31,27.34,27.44,27.52,27.58,27.72,27.85,27.92,27.96,28.03,28.11,28.14,28.18,28.30,28.40,28.45,28.50,28.16,28.22,28.34,28.37,28.56","0.6821,0.6817,0.6698,0.6653","1.0146,1.0049,1.0019,0.9785,0.0001,0.0001,0.0001,0.0001,0.0000,0.0000,0.0000,0.0000,0.0000,0.0000,0.0000,0.0000,0.0000,0.0000,0.0000,0.0000,0.0000,0.0000,0.0000,0.0000,0.0000,0.0000,0.0000,0.0000,0.0000,0.0000,0.0000,0.0000,0.0000,0.0000,0.0000,0.0000,0.0000,0.0000,0.0000,0.0000,0.0000,0.0000,0.0000,0.0000,0.0000,0.0000,0.0000,0.0000,0.0000,0.0000,0.0000,0.0000,0.0000,0.0000,0.0000,0.0000,0.0000,0.0000,0.0000,0.0000,0.0000,0.0000,0.0000,0.0000","5,5,5,5","17,2,17,17,17,2,2,17,17,17,17,17,17,17,2,17,17,17,17,17,17,17,17,17,17,17,17,17,2,2,17,17,17,17,18,12,12,2,2,17,17,17,12,17,17,17,17,17,17,17,17,17,2,17,17,17,17,17,17,17,17,17,17,17"
