ue_idx,pl,snr_ul,snr_dl,c_ae,c_ue,c_bs,ue_beams,bs_beams,unique_ue_beams,n_eff_ue_beams,unique_bs_beams,n_eff_bs_beams,rho_azi,rho_zen,rho_2d_euc,case
589,-112.2,-8.2,10.8,11.31,10.99,20.86,"[12, 12, 12, 12]","[39, 39, 39, 39, 39, 39, 39, 39, 39, 39, 39, 39, 39, 39, 39, 39, 39, 39, 39, 39, 39, 39, 39, 39, 39, 39, 39, 39, 39, 39, 39, 39, 39, 39, 39, 39, 39, 39, 39, 39, 39, 39, 39, 39, 39, 39, 39, 39, 39, 39, 39, 39, 39, 39, 39, 39, 39, 39, 39, 39, 39, 39, 39, 39]",1,1.0,1,1.0,4.708547751563649,4.917217151845654,6.801646970863916,PL_High_AD_High_2d_euc
588,-111.1,-7.1,11.9,11.64,10.85,16.38,"[11, 11, 11, 11]","[46, 46, 46, 46, 46, 46, 46, 46, 46, 46, 46, 46, 46, 46, 46, 46, 46, 46, 46, 46, 46, 46, 46, 46, 46, 46, 46, 46, 46, 46, 46, 46, 46, 46, 46, 46, 46, 46, 46, 46, 46, 46, 46, 46, 46, 46, 46, 46, 46, 46, 46, 46, 46, 46, 46, 46, 46, 46, 46, 46, 46, 46, 46, 46]",1,1.0,1,1.0,9.330317455276072,6.770428074243231,10.959497506654206,PL_High_AD_High_2d_euc
1546,-122.7,-18.7,0.3,7.2,6.77,14.25,"[5, 5, 5, 5]","[32, 32, 32, 32, 32, 32, 32, 32, 32, 32, 32, 32, 32, 32, 32, 32, 32, 32, 32, 32, 32, 32, 32, 32, 32, 32, 32, 32, 32, 32, 32, 32, 32, 32, 32, 32, 32, 32, 32, 32, 32, 32, 32, 32, 32, 32, 32, 32, 32, 32, 32, 32, 32, 32, 32, 32, 32, 32, 32, 32, 32, 32, 32, 32]",1,1.0,1,1.0,5.857544289598665,4.336959527696645,6.971106808768932,PL_High_AD_High_2d_euc
591,-113.2,-9.2,9.8,10.93,9.79,15.46,"[0, 0, 0, 0]","[32, 32, 32, 32, 32, 32, 32, 32, 32, 32, 32, 32, 32, 32, 32, 32, 32, 32, 32, 32, 32, 32, 32, 32, 32, 32, 32, 32, 32, 32, 32, 32, 32, 32, 32, 32, 32, 32, 32, 32, 32, 32, 32, 32, 32, 32, 32, 32, 32, 32, 32, 32, 32, 32, 32, 32, 32, 32, 32, 32, 32, 32, 32, 32]",1,1.0,1,1.0,7.545381954120345,6.412913939759551,9.772924831799196,PL_High_AD_High_2d_euc
705,-116.0,-12.0,7.0,13.6,14.17,23.36,"[4, 4, 4, 4]","[24, 24, 24, 24, 24, 24, 24, 24, 24, 24, 24, 24, 24, 24, 24, 24, 24, 24, 24, 24, 24, 24, 24, 24, 24, 24, 24, 24, 24, 24, 24, 24, 24, 24, 24, 24, 24, 24, 24, 24, 24, 24, 24, 24, 24, 24, 24, 24, 24, 24, 24, 24, 24, 24, 24, 24, 24, 24, 24, 24, 24, 24, 24, 24]",1,1.0,1,1.0,3.22035017317738,5.384268660872992,5.527474284338503,PL_High_AD_High_2d_euc
742,-114.0,-10.0,9.0,14.42,14.04,24.32,"[4, 4, 4, 4]","[25, 25, 25, 25, 25, 25, 25, 25, 25, 25, 25, 25, 25, 25, 25, 25, 25, 25, 25, 25, 25, 25, 25, 25, 25, 25, 25, 25, 25, 25, 25, 25, 25, 25, 25, 25, 25, 25, 25, 25, 25, 25, 25, 25, 25, 25, 25, 25, 25, 25, 25, 25, 25, 25, 25, 25, 25, 25, 25, 25, 25, 25, 25, 25]",1,1.0,1,1.0,14.04271690675621,7.791915691055528,13.626669867142972,PL_High_AD_High_2d_euc
748,-119.8,-15.8,3.2,8.95,8.49,15.49,"[0, 0, 0, 0]","[32, 32, 32, 32, 32, 32, 32, 32, 32, 32, 32, 32, 32, 32, 32, 32, 32, 32, 32, 32, 32, 32, 32, 32, 32, 32, 32, 32, 32, 32, 32, 32, 32, 32, 32, 32, 32, 32, 32, 32, 32, 32, 32, 32, 32, 32, 32, 32, 32, 32, 32, 32, 32, 32, 32, 32, 32, 32, 32, 32, 32, 32, 32, 32]",1,1.0,1,1.0,3.0425088831230505,5.3847748600066,5.297836815114226,PL_High_AD_High_2d_euc
789,-120.1,-16.1,2.9,8.22,8.07,16.03,"[0, 0, 0, 0]","[33, 33, 33, 33, 33, 33, 33, 33, 33, 33, 33, 33, 33, 33, 33, 33, 33, 33, 33, 33, 33, 33, 33, 33, 33, 33, 33, 33, 33, 33, 33, 33, 33, 33, 33, 33, 33, 33, 33, 33, 33, 33, 33, 33, 33, 33, 33, 33, 33, 33, 33, 33, 33, 33, 33, 33, 33, 33, 33, 33, 33, 33, 33, 33]",1,1.0,1,1.0,4.044514811243964,4.538977387169529,6.039291897647299,PL_High_AD_High_2d_euc
796,-118.5,-14.5,4.5,9.13,8.89,17.13,"[1, 1, 1, 1]","[32, 32, 32, 32, 32, 32, 32, 32, 32, 32, 32, 32, 32, 32, 32, 32, 32, 32, 32, 32, 32, 32, 32, 32, 32, 32, 32, 32, 32, 32, 32, 32, 32, 32, 32, 32, 32, 32, 32, 32, 32, 32, 32, 32, 32, 32, 32, 32, 32, 32, 32, 32, 32, 32, 32, 32, 32, 32, 32, 32, 32, 32, 32, 32]",1,1.0,1,1.0,5.519284788046421,3.804870345397214,6.265249006052225,PL_High_AD_High_2d_euc
825,-117.4,-13.4,5.6,9.0,9.45,14.79,"[5, 5, 5, 5]","[32, 32, 32, 32, 32, 32, 32, 32, 32, 32, 32, 32, 32, 32, 32, 32, 32, 32, 32, 32, 32, 32, 32, 32, 32, 32, 32, 32, 32, 32, 32, 32, 32, 32, 32, 32, 32, 32, 32, 32, 32, 32, 32, 32, 32, 32, 32, 32, 32, 32, 32, 32, 32, 32, 32, 32, 32, 32, 32, 32, 32, 32, 32, 32]",1,1.0,1,1.0,2.1550998200631577,6.611107290815635,4.097962559997236,PL_High_AD_High_2d_euc
828,-120.2,-16.2,2.8,8.44,7.81,14.84,"[1, 1, 1, 1]","[33, 33, 33, 33, 33, 33, 33, 33, 33, 33, 33, 33, 33, 33, 33, 33, 33, 33, 33, 33, 33, 33, 33, 33, 33, 33, 33, 33, 33, 33, 33, 33, 33, 33, 33, 33, 33, 33, 33, 33, 33, 33, 33, 33, 33, 33, 33, 33, 33, 33, 33, 33, 33, 33, 33, 33, 33, 33, 33, 33, 33, 33, 33, 33]",1,1.0,1,1.0,1.9304063103809692,6.221830935308216,3.6874086780585755,PL_High_AD_High_2d_euc
829,-121.2,-17.2,1.8,7.6,8.0,14.63,"[5, 5, 5, 5]","[32, 32, 32, 32, 32, 32, 32, 32, 32, 32, 32, 32, 32, 32, 32, 32, 32, 32, 32, 32, 32, 32, 32, 32, 32, 32, 32, 32, 32, 32, 32, 32, 32, 32, 32, 32, 32, 32, 32, 32, 32, 32, 32, 32, 32, 32, 32, 32, 32, 32, 32, 32, 32, 32, 32, 32, 32, 32, 32, 32, 32, 32, 32, 32]",1,1.0,1,1.0,3.0443030818886094,8.211601942892363,5.708910317930895,PL_High_AD_High_2d_euc
894,-121.0,-17.0,2.0,10.05,8.24,14.78,"[13, 13, 13, 5]","[42, 42, 42, 42, 42, 42, 42, 42, 42, 42, 42, 42, 42, 42, 42, 42, 42, 42, 42, 42, 42, 42, 42, 42, 42, 42, 42, 42, 42, 42, 42, 42, 42, 42, 42, 42, 42, 42, 42, 42, 42, 42, 42, 42, 42, 42, 42, 42, 42, 42, 42, 42, 42, 42, 42, 42, 42, 42, 42, 42, 42, 42, 42, 42]",2,1.6,1,1.0,10.314459042340967,5.145922234137116,9.209340312412559,PL_High_AD_High_2d_euc
944,-110.9,-6.9,12.1,13.98,15.43,24.45,"[5, 5, 5, 5]","[26, 26, 26, 26, 26, 26, 26, 26, 26, 26, 26, 26, 26, 26, 26, 26, 26, 26, 26, 26, 26, 26, 26, 26, 26, 26, 26, 26, 26, 26, 26, 26, 26, 26, 26, 26, 26, 26, 26, 26, 26, 26, 26, 26, 26, 26, 26, 26, 26, 26, 26, 26, 26, 26, 26, 26, 26, 26, 26, 26, 26, 26, 26, 26]",1,1.0,1,1.0,3.996087588681457,5.3730014863896765,6.41297448577424,PL_High_AD_High_2d_euc
975,-109.0,-5.0,14.0,14.12,14.93,23.56,"[1, 1, 1, 1]","[33, 33, 33, 33, 33, 33, 33, 33, 33, 33, 33, 33, 33, 33, 33, 33, 33, 33, 33, 33, 33, 33, 33, 33, 33, 33, 33, 33, 33, 33, 33, 33, 33, 33, 33, 33, 33, 33, 33, 33, 33, 33, 33, 33, 33, 33, 33, 33, 33, 33, 33, 33, 33, 33, 33, 33, 33, 33, 33, 33, 33, 33, 33, 33]",1,1.0,1,1.0,3.9487472185333954,6.5660621511006045,6.767899460565368,PL_High_AD_High_2d_euc
