ue,C_AE,C_UE,C_BS_hist,lambda_UE,ue_beams,lambda_BS_per_layer,bs_beams
1416,0.03,0.03,"0.00,0.00,0.01,0.01,0.01,0.02,0.02,0.03,0.04,0.04,0.06,0.07,0.08,0.09,0.10,0.11,0.12,0.14,0.15,0.17,0.19,0.20,0.22,0.23,0.25,0.26,0.28,0.31,0.33,0.34,0.36,0.38,0.39,0.41,0.43,0.46,0.48,0.50,0.52,0.53,0.55,0.57,0.60,0.62,0.64,0.66,0.68,0.70,0.71,0.74,0.76,0.78,0.81,0.83,0.84,0.86,0.88,0.90,0.92,0.94,0.97,0.99,1.01,1.02","1.97e-06,1.27e-10,3.80e-11,3.15e-11","0,0,0,0",2.44e-06; 4.88e-06; 7.33e-06; 9.77e-06; 1.22e-05; 1.47e-05; 1.71e-05; 1.95e-05; 2.20e-05; 2.44e-05; 2.69e-05; 2.93e-05; 3.17e-05; 3.42e-05; 3.66e-05; 3.91e-05; 4.15e-05; 4.40e-05; 4.64e-05; 4.88e-05; 5.13e-05; 5.37e-05; 5.62e-05; 5.86e-05; 6.10e-05; 6.35e-05; 6.59e-05; 6.84e-05; 7.08e-05; 7.33e-05; 7.57e-05; 7.81e-05; 8.06e-05; 8.30e-05; 8.55e-05; 8.79e-05; 9.04e-05; 9.28e-05; 9.52e-05; 9.77e-05; 1.00e-04; 1.03e-04; 1.05e-04; 1.07e-04; 1.10e-04; 1.12e-04; 1.15e-04; 1.17e-04; 1.20e-04; 1.22e-04; 1.25e-04; 1.27e-04; 1.29e-04; 1.32e-04; 1.34e-04; 1.37e-04; 1.39e-04; 1.42e-04; 1.44e-04; 1.47e-04; 1.49e-04; 1.51e-04; 1.54e-04; 1.56e-04,"32,32,32,32,32,32,32,32,32,32,32,32,32,32,32,32,32,32,32,32,32,32,32,32,32,32,32,32,32,32,32,32,32,32,32,32,32,32,32,32,32,32,32,32,32,32,32,32,32,32,32,32,32,32,32,32,32,32,32,32,32,32,32,32"
1417,0.04,0.02,"0.00,0.00,0.00,0.01,0.01,0.01,0.02,0.02,0.03,0.03,0.04,0.05,0.06,0.07,0.07,0.08,0.09,0.10,0.11,0.13,0.14,0.15,0.17,0.18,0.19,0.20,0.22,0.23,0.25,0.27,0.28,0.29,0.31,0.32,0.34,0.36,0.38,0.39,0.41,0.43,0.44,0.46,0.48,0.49,0.51,0.53,0.55,0.56,0.58,0.60,0.62,0.64,0.66,0.67,0.69,0.71,0.72,0.74,0.76,0.78,0.80,0.82,0.83,0.85","2.47e-06,1.97e-10,6.31e-11,5.39e-11","5,5,5,5",3.07e-06; 6.14e-06; 9.21e-06; 1.23e-05; 1.53e-05; 1.84e-05; 2.15e-05; 2.46e-05; 2.76e-05; 3.07e-05; 3.38e-05; 3.68e-05; 3.99e-05; 4.30e-05; 4.60e-05; 4.91e-05; 5.22e-05; 5.52e-05; 5.83e-05; 6.14e-05; 6.45e-05; 6.75e-05; 7.06e-05; 7.37e-05; 7.67e-05; 7.98e-05; 8.29e-05; 8.59e-05; 8.90e-05; 9.21e-05; 9.51e-05; 9.82e-05; 1.01e-04; 1.04e-04; 1.07e-04; 1.10e-04; 1.14e-04; 1.17e-04; 1.20e-04; 1.23e-04; 1.26e-04; 1.29e-04; 1.32e-04; 1.35e-04; 1.38e-04; 1.41e-04; 1.44e-04; 1.47e-04; 1.50e-04; 1.53e-04; 1.57e-04; 1.60e-04; 1.63e-04; 1.66e-04; 1.69e-04; 1.72e-04; 1.75e-04; 1.78e-04; 1.81e-04; 1.84e-04; 1.87e-04; 1.90e-04; 1.93e-04; 1.96e-04,"32,32,32,32,32,32,32,32,32,32,32,32,32,32,32,32,32,32,32,32,32,32,32,32,32,32,32,32,32,32,32,32,32,32,32,32,32,32,32,32,32,32,32,32,32,32,32,32,32,32,32,32,32,32,32,32,32,32,32,32,32,32,32,32"
1418,1.38,1.34,"0.03,0.11,0.23,0.36,0.49,0.62,0.74,0.85,0.97,1.12,1.27,1.43,1.56,1.68,1.79,1.88,1.99,2.11,2.23,2.35,2.46,2.57,2.67,2.76,2.86,2.96,3.06,3.16,3.25,3.35,3.44,3.53,3.62,3.70,3.79,3.87,3.96,4.04,4.12,4.20,4.29,4.37,4.44,4.51,4.58,4.66,4.74,4.81,4.89,4.96,5.02,5.09,5.16,5.22,5.29,5.36,5.43,5.50,5.56,5.62,5.68,5.74,5.81,5.88","1.81e-04,9.01e-09,4.96e-09,3.25e-09","4,4,4,4","2.25e-04; 4.50e-04; 6.75e-04; 9.00e-04; 1.13e-03; 1.35e-03; 1.58e-03; 1.80e-03; 2.03e-03; 2.25e-03; 2.48e-03; 2.70e-03; 2.93e-03; 3.15e-03; 3.38e-03; 3.50e-03,1.01e-04; 3.48e-03,3.45e-04; 3.60e-03,4.49e-04; 3.81e-03,4.63e-04; 4.04e-03,4.62e-04; 4.21e-03,5.14e-04; 4.31e-03,6.45e-04; 4.33e-03,8.45e-04; 4.32e-03,1.08e-03; 4.34e-03,1.28e-03; 4.46e-03,1.39e-03; 4.65e-03,1.43e-03; 4.84e-03,1.46e-03; 4.97e-03,1.56e-03; 5.07e-03,1.69e-03; 5.12e-03,1.86e-03; 5.16e-03,2.05e-03; 5.21e-03,2.22e-03; 5.32e-03,2.33e-03; 5.48e-03,2.40e-03; 5.66e-03,2.45e-03; 5.80e-03,2.52e-03; 5.91e-03,2.64e-03; 5.98e-03,2.80e-03; 6.02e-03,2.98e-03; 6.08e-03,3.15e-03; 6.19e-03,3.27e-03; 6.34e-03,3.34e-03; 6.50e-03,3.40e-03; 6.64e-03,3.49e-03; 6.75e-03,3.61e-03; 6.81e-03,3.77e-03; 6.87e-03,3.93e-03; 6.95e-03,4.08e-03; 7.06e-03,4.19e-03; 7.20e-03,4.28e-03; 7.35e-03,4.35e-03; 7.48e-03,4.45e-03; 7.59e-03,4.56e-03; 7.67e-03,4.71e-03; 7.74e-03,4.87e-03; 7.81e-03,5.02e-03; 7.92e-03,5.13e-03; 8.06e-03,5.22e-03; 8.21e-03,5.30e-03; 8.34e-03,5.39e-03; 8.44e-03,5.52e-03; 8.51e-03,5.67e-03; 8.58e-03,5.83e-03","32,32,32,32,32,32,32,32,32,32,32,32,32,32,32,32,32,32,32,32,32,32,32,32,32,32,32,32,32,32,32,32,32,32,32,32,32,32,32,32,32,32,32,32,32,32,32,32,32,32,32,32,32,32,32,32,32,32,32,32,32,32,32,32"
1419,1.56,1.63,"0.02,0.09,0.18,0.29,0.41,0.54,0.66,0.78,0.91,1.04,1.17,1.30,1.43,1.55,1.66,1.76,1.86,1.96,2.07,2.18,2.28,2.37,2.46,2.54,2.62,2.70,2.79,2.87,2.95,3.03,3.10,3.17,3.23,3.30,3.37,3.44,3.51,3.58,3.64,3.70,3.75,3.82,3.88,3.94,4.00,4.06,4.12,4.17,4.23,4.29,4.34,4.39,4.45,4.50,4.56,4.61,4.67,4.72,4.77,4.82,4.87,4.92,4.97,5.02","1.87e-04,1.11e-08,6.65e-09,3.79e-09","0,0,0,0","2.32e-04; 4.64e-04; 6.96e-04; 9.28e-04; 1.16e-03; 1.39e-03; 1.62e-03; 1.86e-03; 2.09e-03; 2.32e-03; 2.55e-03; 2.78e-03; 3.02e-03; 3.25e-03; 3.48e-03; 3.71e-03; 3.94e-03; 4.18e-03; 4.41e-03; 4.64e-03; 4.87e-03; 5.10e-03; 5.34e-03; 5.57e-03; 5.80e-03; 6.03e-03; 6.26e-03; 6.50e-03; 6.73e-03; 6.96e-03; 7.19e-03; 7.42e-03; 7.66e-03; 7.89e-03; 8.12e-03; 8.35e-03; 8.58e-03; 8.82e-03; 8.90e-03,1.47e-04; 8.93e-03,3.51e-04; 8.95e-03,5.58e-04; 9.06e-03,6.81e-04; 9.23e-03,7.42e-04; 9.43e-03,7.79e-04; 9.60e-03,8.43e-04; 9.71e-03,9.59e-04; 9.77e-03,1.13e-03; 9.80e-03,1.34e-03; 9.83e-03,1.54e-03; 9.93e-03,1.67e-03; 1.01e-02,1.74e-03; 1.03e-02,1.79e-03; 1.04e-02,1.87e-03; 1.05e-02,1.99e-03; 1.05e-02,2.29e-03; 1.05e-02,2.49e-03; 1.06e-02,2.67e-03; 1.07e-02,2.80e-03; 1.08e-02,2.89e-03; 1.10e-02,2.95e-03; 1.11e-02,3.04e-03; 1.12e-02,3.16e-03; 1.13e-02,3.33e-03; 1.13e-02,3.53e-03","40,40,40,40,40,40,40,40,40,40,40,40,40,40,40,40,40,40,40,40,40,40,40,40,40,40,40,40,40,40,40,40,40,40,40,40,40,40,40,40,40,40,40,40,40,40,40,40,40,40,40,40,40,40,40,40,40,40,40,40,40,40,40,40"
1420,13.92,14.37,"4.13,5.88,7.12,8.37,9.46,10.36,11.11,11.88,12.27,12.81,13.66,14.29,14.85,15.37,15.88,16.34,16.70,17.14,17.56,17.92,18.27,18.65,19.02,19.35,19.69,20.00,20.29,20.55,20.82,21.10,21.38,21.66,21.85,22.11,22.40,22.63,22.76,22.89,23.10,23.33,23.45,23.74,23.98,24.10,24.36,24.64,24.86,25.00,25.09,25.24,25.32,25.57,25.65,25.83,25.92,26.00,26.07,26.15,26.23,26.32,26.41,26.48,26.56,26.62","7.92e-02,6.23e-02,4.48e-02,3.71e-06","4,4,4,4","2.31e-01; 4.63e-01; 5.31e-01,1.63e-01; 5.85e-01,3.40e-01; 6.56e-01,5.00e-01; 7.45e-01,6.43e-01; 7.89e-01,7.14e-01,1.16e-01; 7.87e-01,7.28e-01,3.36e-01; 8.88e-01,8.17e-01,3.72e-01,5.39e-03; 8.94e-01,8.03e-01,3.20e-01,2.95e-01; 9.43e-01,8.22e-01,6.81e-01,9.79e-02; 1.03e+00,8.93e-01,8.49e-01; 1.10e+00,9.65e-01,9.39e-01; 1.17e+00,1.07e+00,9.99e-01; 1.24e+00,1.16e+00,1.07e+00; 1.28e+00,1.21e+00,1.12e+00,8.96e-02; 1.34e+00,1.26e+00,1.19e+00,1.39e-01; 1.39e+00,1.32e+00,1.25e+00,2.09e-01; 1.46e+00,1.38e+00,1.30e+00,2.48e-01; 1.55e+00,1.46e+00,1.35e+00,2.58e-01; 1.63e+00,1.54e+00,1.41e+00,2.76e-01; 1.69e+00,1.60e+00,1.48e+00,3.16e-01; 1.75e+00,1.66e+00,1.54e+00,3.68e-01; 1.80e+00,1.71e+00,1.61e+00,4.34e-01; 1.83e+00,1.75e+00,1.65e+00,5.49e-01; 1.89e+00,1.81e+00,1.71e+00,5.97e-01; 1.96e+00,1.89e+00,1.77e+00,6.29e-01; 2.04e+00,1.97e+00,1.83e+00,6.44e-01; 2.11e+00,2.05e+00,1.88e+00,6.65e-01; 2.18e+00,2.12e+00,1.94e+00,7.03e-01; 2.23e+00,2.18e+00,2.00e+00,7.54e-01; 2.28e+00,2.22e+00,2.05e+00,8.48e-01; 2.33e+00,2.26e+00,2.12e+00,9.23e-01; 2.39e+00,2.32e+00,2.18e+00,9.78e-01; 2.45e+00,2.40e+00,2.23e+00,1.02e+00; 2.53e+00,2.48e+00,2.29e+00,1.03e+00; 2.65e+00,2.61e+00,2.40e+00,9.00e-01; 2.82e+00,2.78e+00,2.58e+00,6.12e-01; 2.89e+00,2.86e+00,2.66e+00,6.15e-01; 2.91e+00,2.87e+00,2.68e+00,7.95e-01; 3.03e+00,2.99e+00,2.82e+00,6.46e-01; 3.01e+00,2.98e+00,2.79e+00,9.35e-01; 3.00e+00,2.94e+00,2.76e+00,1.23e+00; 3.06e+00,3.00e+00,2.81e+00,1.30e+00; 3.09e+00,3.03e+00,2.81e+00,1.48e+00; 3.14e+00,3.09e+00,2.84e+00,1.58e+00; 3.19e+00,3.15e+00,2.89e+00,1.64e+00; 3.25e+00,3.19e+00,2.96e+00,1.71e+00; 3.31e+00,3.25e+00,3.02e+00,1.76e+00; 3.37e+00,3.30e+00,3.08e+00,1.81e+00; 3.43e+00,3.36e+00,3.14e+00,1.86e+00; 3.50e+00,3.45e+00,3.19e+00,1.89e+00; 3.56e+00,3.51e+00,3.24e+00,1.94e+00; 3.63e+00,3.59e+00,3.30e+00,1.97e+00; 3.70e+00,3.65e+00,3.36e+00,2.01e+00; 3.76e+00,3.71e+00,3.42e+00,2.06e+00; 3.82e+00,3.77e+00,3.48e+00,2.10e+00; 3.89e+00,3.84e+00,3.54e+00,2.15e+00; 3.95e+00,3.90e+00,3.60e+00,2.19e+00; 4.02e+00,3.96e+00,3.66e+00,2.24e+00; 4.08e+00,4.03e+00,3.72e+00,2.28e+00; 4.15e+00,4.09e+00,3.78e+00,2.33e+00; 4.12e+00,3.67e+00,3.44e+00,3.34e+00; 4.18e+00,3.74e+00,3.59e+00,3.30e+00","32,32,32,32,32,32,32,32,32,32,32,32,32,32,32,32,32,32,32,32,32,32,32,32,32,32,32,32,32,32,32,32,32,32,32,32,32,32,32,32,32,32,32,16,32,32,32,32,0,32,0,32,16,32,16,48,0,0,16,16,16,0,32,0"
1421,1.99,1.99,"0.06,0.22,0.43,0.64,0.84,1.02,1.18,1.32,1.46,1.65,1.85,2.04,2.21,2.35,2.49,2.61,2.73,2.87,3.02,3.15,3.28,3.40,3.52,3.62,3.73,3.84,3.95,4.06,4.16,4.26,4.36,4.45,4.54,4.63,4.73,4.81,4.90,4.99,5.07,5.15,5.23,5.31,5.39,5.47,5.54,5.62,5.69,5.76,5.84,5.91,5.98,6.05,6.11,6.18,6.25,6.32,6.38,6.45,6.51,6.57,6.63,6.69,6.76,6.82","2.28e-04,1.77e-08,7.55e-09,2.27e-09","4,4,4,4","2.83e-04; 5.66e-04; 8.49e-04; 1.13e-03; 1.41e-03; 1.70e-03; 1.98e-03; 2.26e-03; 2.51e-03,3.90e-05; 2.72e-03,1.11e-04; 3.07e-03,4.20e-05; 3.39e-03; 3.61e-03,7.30e-05; 3.70e-03,2.62e-04; 3.73e-03,5.18e-04; 3.73e-03,7.93e-04; 3.73e-03,1.08e-03; 3.89e-03,1.20e-03; 4.16e-03,1.22e-03; 4.44e-03,1.22e-03; 4.66e-03,1.28e-03; 4.80e-03,1.42e-03; 4.88e-03,1.63e-03; 4.94e-03,1.85e-03; 5.01e-03,2.07e-03; 5.16e-03,2.20e-03; 5.39e-03,2.25e-03; 5.64e-03,2.28e-03; 5.86e-03,2.35e-03; 6.00e-03,2.49e-03; 6.09e-03,2.68e-03; 6.17e-03,2.89e-03; 6.25e-03,3.09e-03; 6.40e-03,3.22e-03; 6.61e-03,3.29e-03; 6.84e-03,3.34e-03; 7.04e-03,3.43e-03; 7.18e-03,3.57e-03; 7.28e-03,3.75e-03; 7.36e-03,3.96e-03; 7.45e-03,4.15e-03; 7.59e-03,4.29e-03; 7.79e-03,4.37e-03; 8.01e-03,4.44e-03; 8.20e-03,4.54e-03; 8.34e-03,4.68e-03; 8.43e-03,4.86e-03; 8.52e-03,5.06e-03; 8.61e-03,5.25e-03; 8.75e-03,5.39e-03; 8.95e-03,5.48e-03; 9.15e-03,5.56e-03; 9.33e-03,5.67e-03; 9.46e-03,5.81e-03; 9.56e-03,6.00e-03; 9.65e-03,6.19e-03; 9.75e-03,6.38e-03; 9.90e-03,6.51e-03; 1.01e-02,6.61e-03; 1.03e-02,6.70e-03; 1.04e-02,6.82e-03; 1.06e-02,6.96e-03; 1.07e-02,7.15e-03; 1.08e-02,7.34e-03","32,32,32,32,32,32,32,32,32,32,32,32,32,32,32,32,32,32,32,32,32,32,32,32,32,32,32,32,32,32,32,32,32,32,32,32,32,32,32,32,32,32,32,32,32,32,32,32,32,32,32,32,32,32,32,32,32,32,32,32,32,32,32,32"
1422,0.00,0.00,"0.00,0.00,0.00,0.00,0.00,0.00,0.00,0.00,0.00,0.00,0.00,0.01,0.01,0.01,0.01,0.01,0.01,0.01,0.01,0.02,0.02,0.02,0.02,0.02,0.02,0.03,0.03,0.03,0.03,0.04,0.04,0.04,0.04,0.04,0.05,0.05,0.05,0.06,0.06,0.06,0.06,0.07,0.07,0.07,0.08,0.08,0.08,0.09,0.09,0.09,0.10,0.10,0.10,0.11,0.11,0.11,0.12,0.12,0.12,0.13,0.13,0.14,0.14,0.15","2.49e-07,1.46e-11,9.34e-12,4.52e-12","4,4,4,4",; ; ; 1.24e-06; 1.55e-06; 1.86e-06; 2.16e-06; 2.47e-06; 2.78e-06; 3.09e-06; 3.40e-06; 3.71e-06; 4.02e-06; 4.33e-06; 4.64e-06; 4.95e-06; 5.26e-06; 5.57e-06; 5.87e-06; 6.18e-06; 6.49e-06; 6.80e-06; 7.11e-06; 7.42e-06; 7.73e-06; 8.04e-06; 8.35e-06; 8.66e-06; 8.97e-06; 9.28e-06; 9.58e-06; 9.89e-06; 1.02e-05; 1.05e-05; 1.08e-05; 1.11e-05; 1.14e-05; 1.17e-05; 1.21e-05; 1.24e-05; 1.27e-05; 1.30e-05; 1.33e-05; 1.36e-05; 1.39e-05; 1.42e-05; 1.45e-05; 1.48e-05; 1.52e-05; 1.55e-05; 1.58e-05; 1.61e-05; 1.64e-05; 1.67e-05; 1.70e-05; 1.73e-05; 1.76e-05; 1.79e-05; 1.82e-05; 1.86e-05; 1.89e-05; 1.92e-05; 1.95e-05; 1.98e-05,"54,54,54,54,54,54,54,54,54,54,54,54,54,54,54,54,54,54,54,54,54,54,54,54,54,54,54,54,54,54,54,54,54,54,54,54,54,54,54,54,54,54,54,54,54,54,54,54,54,54,54,54,54,54,54,54,54,54,54,54,54,54,54,54"
1423,1.54,1.28,"0.02,0.06,0.13,0.22,0.31,0.41,0.51,0.61,0.70,0.82,0.95,1.07,1.19,1.30,1.40,1.49,1.58,1.68,1.79,1.90,2.00,2.09,2.18,2.26,2.33,2.42,2.51,2.60,2.68,2.77,2.85,2.92,3.00,3.08,3.16,3.24,3.31,3.39,3.47,3.54,3.62,3.69,3.76,3.83,3.90,3.97,4.04,4.11,4.19,4.25,4.32,4.38,4.44,4.51,4.57,4.64,4.71,4.77,4.83,4.88,4.94,5.00,5.07,5.13","1.78e-04,9.10e-09,6.81e-09,2.38e-09","1,1,1,1","2.21e-04; 4.42e-04; 6.62e-04; 8.83e-04; 1.10e-03; 1.32e-03; 1.55e-03; 1.77e-03; 1.99e-03; 2.21e-03; 2.43e-03; 2.65e-03; 2.87e-03; 3.09e-03; 3.31e-03; 3.53e-03; 3.75e-03; 3.97e-03; 4.20e-03; 4.42e-03; 4.64e-03; 4.86e-03; 5.08e-03; 5.30e-03; 5.35e-03,1.66e-04; 5.43e-03,3.16e-04; 5.59e-03,3.74e-04; 5.78e-03,4.01e-04; 5.94e-03,4.65e-04; 6.03e-03,5.98e-04; 6.05e-03,7.98e-04; 6.04e-03,1.03e-03; 6.05e-03,1.24e-03; 6.13e-03,1.38e-03; 6.28e-03,1.45e-03; 6.46e-03,1.49e-03; 6.60e-03,1.57e-03; 6.70e-03,1.69e-03; 6.75e-03,1.87e-03; 6.77e-03,2.07e-03; 6.80e-03,2.25e-03; 6.90e-03,2.38e-03; 7.04e-03,2.45e-03; 7.20e-03,2.51e-03; 7.34e-03,2.59e-03; 7.44e-03,2.71e-03; 7.46e-03,2.92e-03; 7.50e-03,3.10e-03; 7.55e-03,3.27e-03; 7.65e-03,3.39e-03; 7.79e-03,3.47e-03; 7.94e-03,3.55e-03; 8.07e-03,3.63e-03; 8.17e-03,3.75e-03; 8.24e-03,3.90e-03; 8.30e-03,4.07e-03; 8.37e-03,4.22e-03; 8.47e-03,4.34e-03; 8.60e-03,4.43e-03; 8.74e-03,4.51e-03; 8.88e-03,4.60e-03; 8.98e-03,4.71e-03; 9.05e-03,4.86e-03; 9.11e-03,5.02e-03","41,41,41,41,41,41,41,41,41,41,41,41,41,41,41,41,41,41,41,41,41,41,41,41,41,41,41,41,41,41,41,41,41,41,41,41,41,41,41,41,41,41,41,41,41,41,41,41,41,41,41,41,41,41,41,41,41,41,41,41,41,41,41,41"
1424,12.21,11.72,"3.61,5.31,6.34,7.17,7.92,8.61,9.22,9.75,10.18,10.59,10.95,11.27,11.57,11.86,12.16,12.49,12.78,13.07,13.31,13.53,13.80,14.06,14.31,14.56,14.79,15.02,15.18,15.30,15.47,15.67,15.84,15.96,16.09,16.26,16.49,16.69,16.84,16.97,17.13,17.40,17.59,17.84,18.05,18.20,18.34,18.48,18.61,18.78,18.91,19.02,19.13,19.24,19.34,19.43,19.53,19.67,19.82,19.99,20.15,20.27,20.39,20.51,20.63,20.75","1.17e-01,7.88e-02,4.06e-06,1.93e-06","5,5,5,5","2.43e-01; 4.87e-01; 7.30e-01; 8.38e-01,1.36e-01; 9.00e-01,3.17e-01; 9.84e-01,4.77e-01; 1.06e+00,6.47e-01; 1.15e+00,8.01e-01; 1.28e+00,9.16e-01; 1.42e+00,1.02e+00; 1.57e+00,1.11e+00; 1.72e+00,1.20e+00; 1.87e+00,1.30e+00; 1.95e+00,1.35e+00,1.06e-01; 2.06e+00,1.46e+00,1.36e-01; 2.07e+00,1.48e+00,3.55e-01; 2.19e+00,1.64e+00,3.07e-01; 2.30e+00,1.74e+00,3.39e-01; 2.43e+00,1.85e+00,3.44e-01; 2.55e+00,1.92e+00,3.98e-01; 2.58e+00,1.92e+00,6.21e-01; 2.64e+00,1.98e+00,7.36e-01; 2.73e+00,2.11e+00,7.64e-01; 2.79e+00,2.20e+00,8.52e-01; 2.86e+00,2.25e+00,9.77e-01; 2.93e+00,2.30e+00,1.10e+00; 3.05e+00,2.40e+00,1.12e+00; 3.21e+00,2.54e+00,1.07e+00; 3.31e+00,2.61e+00,1.14e+00; 3.38e+00,2.65e+00,1.27e+00; 3.47e+00,2.75e+00,1.33e+00; 3.63e+00,2.92e+00,1.24e+00,1.96e-05; 3.78e+00,3.08e+00,8.98e-01,2.74e-01; 3.91e+00,3.23e+00,1.05e+00,9.54e-02; 3.87e+00,3.18e+00,1.47e+00; 3.92e+00,3.18e+00,1.67e+00; 4.01e+00,3.24e+00,1.76e+00; 4.12e+00,3.36e+00,1.78e+00; 4.21e+00,3.46e+00,1.83e+00; 4.18e+00,3.42e+00,2.13e+00; 4.24e+00,3.47e+00,2.27e+00; 4.26e+00,3.46e+00,2.51e+00; 4.31e+00,3.48e+00,2.68e+00; 4.40e+00,3.53e+00,2.79e+00; 4.48e+00,3.58e+00,2.89e+00; 4.57e+00,3.66e+00,2.98e+00; 4.65e+00,3.74e+00,3.05e+00; 4.71e+00,3.80e+00,3.17e+00; 4.80e+00,3.90e+00,3.23e+00; 4.89e+00,4.01e+00,3.28e+00; 4.99e+00,4.09e+00,3.34e+00; 5.08e+00,4.16e+00,3.42e+00; 5.17e+00,4.24e+00,3.49e+00; 5.27e+00,4.33e+00,3.54e+00; 5.37e+00,4.44e+00,3.59e+00; 5.44e+00,4.52e+00,3.67e+00; 5.50e+00,4.59e+00,3.79e+00; 5.56e+00,4.63e+00,3.93e+00; 5.62e+00,4.68e+00,4.06e+00; 5.70e+00,4.73e+00,4.17e+00; 5.78e+00,4.79e+00,4.28e+00; 5.86e+00,4.86e+00,4.38e+00; 5.94e+00,4.94e+00,4.46e+00; 6.01e+00,5.02e+00,4.55e+00","32,32,32,32,32,32,32,32,32,32,32,32,32,32,32,32,32,32,32,32,32,32,32,32,32,32,32,32,32,32,32,32,32,32,32,32,32,32,32,32,32,32,32,32,32,32,32,32,32,32,32,32,32,32,32,32,32,32,32,32,32,32,32,32"
1425,12.45,13.25,"4.41,6.24,7.34,8.07,8.90,9.59,10.23,10.83,11.35,11.79,12.16,12.50,12.82,13.16,13.52,13.90,14.21,14.48,14.72,14.94,15.14,15.36,15.61,15.87,16.08,16.29,16.47,16.63,16.80,17.00,17.20,17.41,17.67,17.86,18.04,18.20,18.38,18.57,18.74,18.91,19.09,19.25,19.39,19.52,19.66,19.79,19.93,20.07,20.24,20.38,20.52,20.65,20.77,20.90,21.02,21.15,21.29,21.42,21.53,21.64,21.74,21.85,21.96,22.07","1.62e-01,1.06e-01,8.47e-06,4.89e-06","4,4,4,4","3.32e-01; 6.64e-01; 9.96e-01; 9.57e-01,3.71e-01; 1.33e+00,3.32e-01; 1.48e+00,5.16e-01; 1.56e+00,7.63e-01; 1.65e+00,1.01e+00; 1.80e+00,1.19e+00; 1.97e+00,1.35e+00; 2.17e+00,1.48e+00; 2.36e+00,1.62e+00; 2.55e+00,1.77e+00; 2.71e+00,1.94e+00; 2.84e+00,2.14e+00; 2.96e+00,2.35e+00; 3.11e+00,2.53e+00; 3.28e+00,2.69e+00; 3.46e+00,2.85e+00; 3.64e+00,3.00e+00; 3.80e+00,3.13e+00,4.05e-02; 3.90e+00,3.20e+00,2.02e-01; 3.98e+00,3.28e+00,3.73e-01; 4.04e+00,3.37e+00,5.56e-01; 4.42e+00,3.83e+00,4.74e-02; 4.58e+00,4.01e+00,4.39e-02; 4.75e+00,4.16e+00,4.96e-02; 4.90e+00,4.29e+00,9.90e-02; 4.92e+00,4.27e+00,4.35e-01; 4.91e+00,4.22e+00,8.30e-01; 5.01e+00,4.33e+00,9.49e-01; 5.13e+00,4.49e+00,1.01e+00; 5.05e+00,4.38e+00,1.52e+00; 5.12e+00,4.43e+00,1.73e+00; 5.22e+00,4.50e+00,1.90e+00; 5.32e+00,4.56e+00,2.07e+00; 5.39e+00,4.60e+00,2.29e+00; 5.46e+00,4.63e+00,2.52e+00; 5.56e+00,4.72e+00,2.67e+00; 5.67e+00,4.86e+00,2.74e+00; 5.77e+00,4.98e+00,2.86e+00; 5.88e+00,5.09e+00,2.97e+00; 6.00e+00,5.19e+00,3.08e+00; 6.11e+00,5.28e+00,3.21e+00; 6.23e+00,5.36e+00,3.35e+00; 6.34e+00,5.46e+00,3.47e+00; 6.46e+00,5.59e+00,3.56e+00; 6.57e+00,5.73e+00,3.63e+00; 6.66e+00,5.82e+00,3.78e+00; 6.76e+00,5.92e+00,3.91e+00; 6.87e+00,6.00e+00,4.05e+00; 6.98e+00,6.09e+00,4.20e+00; 7.08e+00,6.17e+00,4.34e+00; 7.19e+00,6.26e+00,4.48e+00; 7.30e+00,6.36e+00,4.59e+00; 7.41e+00,6.50e+00,4.68e+00; 7.51e+00,6.61e+00,4.79e+00; 7.62e+00,6.72e+00,4.91e+00; 7.73e+00,6.82e+00,5.03e+00; 7.85e+00,6.91e+00,5.16e+00; 7.96e+00,7.01e+00,5.28e+00; 8.07e+00,7.10e+00,5.40e+00; 8.18e+00,7.22e+00,5.51e+00; 8.29e+00,7.35e+00,5.60e+00","25,25,25,25,25,25,25,25,25,25,25,25,25,25,25,25,25,25,25,25,25,25,25,25,25,25,25,25,25,25,25,25,25,25,25,25,25,25,25,25,25,25,25,25,25,25,25,25,25,25,25,25,25,25,25,25,25,25,25,25,25,25,25,25"
1426,0.01,0.01,"0.00,0.00,0.00,0.00,0.00,0.00,0.01,0.01,0.01,0.01,0.01,0.02,0.02,0.02,0.03,0.03,0.03,0.04,0.04,0.05,0.05,0.06,0.06,0.07,0.07,0.08,0.08,0.09,0.09,0.10,0.11,0.11,0.12,0.13,0.13,0.14,0.15,0.16,0.16,0.17,0.18,0.18,0.19,0.20,0.21,0.22,0.23,0.23,0.24,0.25,0.26,0.27,0.28,0.29,0.30,0.30,0.31,0.32,0.33,0.34,0.35,0.36,0.37,0.38","7.86e-07,4.93e-11,2.69e-11,1.70e-11","5,5,5,5",; 1.95e-06; 2.93e-06; 3.90e-06; 4.88e-06; 5.85e-06; 6.83e-06; 7.80e-06; 8.78e-06; 9.76e-06; 1.07e-05; 1.17e-05; 1.27e-05; 1.37e-05; 1.46e-05; 1.56e-05; 1.66e-05; 1.76e-05; 1.85e-05; 1.95e-05; 2.05e-05; 2.15e-05; 2.24e-05; 2.34e-05; 2.44e-05; 2.54e-05; 2.63e-05; 2.73e-05; 2.83e-05; 2.93e-05; 3.02e-05; 3.12e-05; 3.22e-05; 3.32e-05; 3.41e-05; 3.51e-05; 3.61e-05; 3.71e-05; 3.80e-05; 3.90e-05; 4.00e-05; 4.10e-05; 4.20e-05; 4.29e-05; 4.39e-05; 4.49e-05; 4.59e-05; 4.68e-05; 4.78e-05; 4.88e-05; 4.98e-05; 5.07e-05; 5.17e-05; 5.27e-05; 5.37e-05; 5.46e-05; 5.56e-05; 5.66e-05; 5.76e-05; 5.85e-05; 5.95e-05; 6.05e-05; 6.15e-05; 6.24e-05,"8,8,8,8,8,8,8,8,8,8,8,8,8,8,8,8,8,8,8,8,8,8,8,8,8,8,8,8,8,8,8,8,8,8,8,8,8,8,8,8,8,8,8,8,8,8,8,8,8,8,8,8,8,8,8,8,8,8,8,8,8,8,8,8"
1427,0.01,0.01,"0.00,0.00,0.00,0.00,0.00,0.00,0.01,0.01,0.01,0.01,0.01,0.01,0.02,0.02,0.02,0.02,0.03,0.03,0.03,0.04,0.04,0.05,0.05,0.05,0.06,0.06,0.07,0.07,0.08,0.08,0.09,0.09,0.10,0.10,0.11,0.12,0.12,0.13,0.13,0.14,0.15,0.15,0.16,0.17,0.17,0.18,0.19,0.19,0.20,0.21,0.21,0.22,0.23,0.24,0.25,0.25,0.26,0.27,0.27,0.28,0.29,0.30,0.31,0.31","1.04e-06,4.44e-11,2.46e-11,1.66e-11","8,8,8,8",1.29e-06; 2.58e-06; 3.87e-06; 5.17e-06; 6.46e-06; 7.75e-06; 9.04e-06; 1.03e-05; 1.16e-05; 1.29e-05; 1.42e-05; 1.55e-05; 1.68e-05; 1.81e-05; 1.94e-05; 2.07e-05; 2.20e-05; 2.32e-05; 2.45e-05; 2.58e-05; 2.71e-05; 2.84e-05; 2.97e-05; 3.10e-05; 3.23e-05; 3.36e-05; 3.49e-05; 3.62e-05; 3.75e-05; 3.87e-05; 4.00e-05; 4.13e-05; 4.26e-05; 4.39e-05; 4.52e-05; 4.65e-05; 4.78e-05; 4.91e-05; 5.04e-05; 5.17e-05; 5.30e-05; 5.42e-05; 5.55e-05; 5.68e-05; 5.81e-05; 5.94e-05; 6.07e-05; 6.20e-05; 6.33e-05; 6.46e-05; 6.59e-05; 6.72e-05; 6.85e-05; 6.97e-05; 7.10e-05; 7.23e-05; 7.36e-05; 7.49e-05; 7.62e-05; 7.75e-05; 7.88e-05; 8.01e-05; 8.14e-05; 8.27e-05,"8,8,8,8,8,8,8,8,8,8,8,8,8,8,8,8,8,8,8,8,8,8,8,8,8,8,8,8,8,8,8,8,8,8,8,8,8,8,8,8,8,8,8,8,8,8,8,8,8,8,8,8,8,8,8,8,8,8,8,8,8,8,8,8"
1428,2.16,1.17,"0.03,0.12,0.24,0.38,0.52,0.66,0.78,0.90,1.04,1.19,1.34,1.49,1.63,1.75,1.86,1.95,2.06,2.17,2.29,2.40,2.51,2.61,2.69,2.77,2.85,2.94,3.03,3.12,3.21,3.29,3.36,3.43,3.50,3.58,3.66,3.73,3.81,3.87,3.94,4.00,4.07,4.14,4.20,4.27,4.33,4.39,4.45,4.51,4.57,4.63,4.69,4.74,4.80,4.85,4.91,4.96,5.02,5.07,5.12,5.17,5.22,5.27,5.32,5.37","2.84e-04,1.68e-08,7.81e-09,6.08e-09","7,7,7,7","3.52e-04; 7.04e-04; 1.06e-03; 1.41e-03; 1.76e-03; 2.11e-03; 2.46e-03; 2.82e-03; 3.17e-03; 3.52e-03; 3.87e-03; 4.22e-03; 4.58e-03; 4.93e-03; 5.28e-03; 5.63e-03; 5.98e-03; 6.34e-03; 6.69e-03; 7.04e-03; 7.39e-03; 7.74e-03; 8.10e-03; 8.45e-03; 8.74e-03,5.87e-05; 8.99e-03,1.60e-04; 9.33e-03,1.76e-04; 9.70e-03,1.62e-04; 1.00e-02,1.82e-04; 1.03e-02,2.80e-04; 1.04e-02,4.70e-04; 1.02e-02,1.09e-03; 1.03e-02,1.32e-03; 1.05e-02,1.47e-03; 1.08e-02,1.53e-03; 1.11e-02,1.57e-03; 1.14e-02,1.63e-03; 1.16e-02,1.78e-03; 1.17e-02,1.99e-03; 1.18e-02,2.25e-03; 1.20e-02,2.45e-03; 1.22e-02,2.58e-03; 1.25e-02,2.66e-03; 1.28e-02,2.71e-03; 1.31e-02,2.79e-03; 1.33e-02,2.92e-03; 1.34e-02,3.12e-03; 1.35e-02,3.36e-03; 1.37e-02,3.54e-03; 1.39e-02,3.67e-03; 1.42e-02,3.76e-03; 1.45e-02,3.83e-03; 1.47e-02,3.91e-03; 1.50e-02,4.05e-03; 1.51e-02,4.24e-03; 1.52e-02,4.47e-03; 1.54e-02,4.65e-03; 1.56e-02,4.78e-03; 1.59e-02,4.87e-03; 1.62e-02,4.95e-03; 1.64e-02,5.03e-03; 1.66e-02,5.18e-03; 1.68e-02,5.37e-03; 1.69e-02,5.59e-03","32,32,32,32,32,32,32,32,32,32,32,32,32,32,32,32,32,32,32,32,32,32,32,32,32,32,32,32,32,32,32,32,32,32,32,32,32,32,32,32,32,32,32,32,32,32,32,32,32,32,32,32,32,32,32,32,32,32,32,32,32,32,32,32"
1429,1.29,0.78,"0.02,0.08,0.16,0.25,0.36,0.46,0.56,0.66,0.76,0.89,1.01,1.13,1.25,1.36,1.45,1.53,1.62,1.72,1.83,1.93,2.02,2.11,2.19,2.26,2.33,2.41,2.49,2.58,2.65,2.73,2.79,2.85,2.91,2.97,3.04,3.11,3.18,3.24,3.30,3.34,3.39,3.45,3.51,3.57,3.63,3.68,3.73,3.77,3.82,3.87,3.92,3.97,4.02,4.07,4.11,4.15,4.19,4.23,4.27,4.32,4.36,4.41,4.45,4.49","1.15e-04,7.10e-09,3.15e-09,2.02e-09","3,3,3,3","1.43e-04; 2.85e-04; 4.28e-04; 5.71e-04; 7.13e-04; 8.56e-04; 9.99e-04; 1.14e-03; 1.28e-03; 1.43e-03; 1.57e-03; 1.71e-03; 1.86e-03; 2.00e-03; 2.14e-03; 2.28e-03; 2.43e-03; 2.57e-03; 2.71e-03; 2.85e-03; 3.00e-03; 3.14e-03; 3.28e-03; 3.42e-03; 3.57e-03; 3.71e-03; 3.85e-03; 4.00e-03; 4.14e-03; 4.28e-03; 4.42e-03; 4.57e-03; 4.71e-03; 4.85e-03; 4.99e-03; 5.14e-03; 5.28e-03; 5.42e-03; 5.57e-03; 5.71e-03; 5.84e-03,1.08e-05; 5.96e-03,3.67e-05; 6.09e-03,4.47e-05; 6.24e-03,3.99e-05; 6.39e-03,3.52e-05; 6.52e-03,4.59e-05; 6.64e-03,6.79e-05; 6.74e-03,1.12e-04; 6.45e-03,5.39e-04; 6.52e-03,6.14e-04; 6.62e-03,6.57e-04; 6.74e-03,6.85e-04; 7.27e-03,2.94e-04; 6.93e-03,7.73e-04; 6.75e-03,1.10e-03; 6.73e-03,1.26e-03; 6.71e-03,1.42e-03; 6.73e-03,1.54e-03; 6.80e-03,1.62e-03; 7.35e-03,1.21e-03; 7.06e-03,1.65e-03; 7.20e-03,1.64e-03; 7.27e-03,1.66e-03,6.09e-05; 7.29e-03,1.75e-03,9.32e-05","24,24,24,24,24,24,24,24,24,24,24,24,24,24,24,24,24,24,24,24,24,24,24,24,24,24,24,24,24,24,24,24,24,24,24,24,24,24,24,24,24,24,24,24,24,24,24,24,24,24,24,24,24,24,24,24,24,24,24,24,24,24,24,24"
1430,1.54,1.02,"0.03,0.10,0.21,0.33,0.46,0.60,0.73,0.85,0.97,1.11,1.26,1.40,1.53,1.66,1.77,1.87,1.97,2.08,2.19,2.30,2.40,2.50,2.59,2.67,2.75,2.84,2.93,3.01,3.10,3.18,3.25,3.32,3.39,3.46,3.53,3.61,3.68,3.75,3.81,3.88,3.94,4.00,4.07,4.13,4.19,4.25,4.31,4.37,4.43,4.49,4.55,4.60,4.66,4.71,4.77,4.82,4.88,4.93,4.98,5.03,5.08,5.13,5.18,5.23","1.53e-04,6.57e-09,4.40e-09,2.87e-09","5,5,5,5","1.90e-04; 3.80e-04; 5.71e-04; 7.61e-04; 9.51e-04; 1.14e-03; 1.33e-03; 1.52e-03; 1.71e-03; 1.90e-03; 2.09e-03; 2.28e-03; 2.47e-03; 2.66e-03; 2.85e-03; 3.04e-03; 3.23e-03; 3.42e-03; 3.61e-03; 3.80e-03; 4.00e-03; 4.19e-03; 4.38e-03; 4.57e-03; 4.76e-03; 4.95e-03; 5.14e-03; 5.33e-03; 5.52e-03; 5.71e-03; 5.90e-03; 6.00e-03,8.67e-05; 6.07e-03,2.10e-04; 6.18e-03,2.84e-04; 6.35e-03,3.12e-04; 6.54e-03,3.12e-04; 6.71e-03,3.24e-04; 6.63e-03,5.96e-04; 6.71e-03,7.12e-04; 6.75e-03,8.64e-04; 6.79e-03,1.01e-03; 6.89e-03,1.10e-03; 7.02e-03,1.16e-03; 7.18e-03,1.19e-03; 7.34e-03,1.23e-03; 7.47e-03,1.28e-03; 7.56e-03,1.38e-03; 7.62e-03,1.52e-03; 7.67e-03,1.65e-03; 7.77e-03,1.74e-03; 7.91e-03,1.79e-03; 8.06e-03,1.84e-03; 8.21e-03,1.88e-03; 8.34e-03,1.94e-03; 8.43e-03,2.03e-03; 8.50e-03,2.15e-03; 8.56e-03,2.28e-03; 8.66e-03,2.38e-03; 8.79e-03,2.43e-03; 8.93e-03,2.48e-03; 9.08e-03,2.52e-03; 9.21e-03,2.59e-03; 9.30e-03,2.68e-03; 9.37e-03,2.80e-03","24,24,24,24,24,24,24,24,24,24,24,24,24,24,24,24,24,24,24,24,24,24,24,24,24,24,24,24,24,24,24,24,24,24,24,24,24,24,24,24,24,24,24,24,24,24,24,24,24,24,24,24,24,24,24,24,24,24,24,24,24,24,24,24"
1431,3.22,3.42,"0.12,0.40,0.73,1.04,1.32,1.57,1.79,1.99,2.22,2.45,2.67,2.89,3.10,3.31,3.51,3.68,3.81,3.97,4.16,4.35,4.54,4.70,4.84,4.97,5.14,5.31,5.49,5.66,5.81,5.95,6.09,6.23,6.38,6.52,6.66,6.80,6.93,7.07,7.20,7.32,7.45,7.57,7.69,7.82,7.94,8.06,8.17,8.27,8.39,8.50,8.62,8.73,8.83,8.93,9.03,9.13,9.23,9.33,9.43,9.53,9.62,9.71,9.80,9.89","3.79e-04,2.64e-04,3.33e-08,1.33e-08","0,0,0,0","7.98e-04; 1.60e-03; 2.39e-03; 3.19e-03; 3.99e-03; 4.79e-03; 5.59e-03; 5.73e-03,6.53e-04; 5.87e-03,1.31e-03; 6.38e-03,1.60e-03; 7.03e-03,1.75e-03; 7.56e-03,2.02e-03; 7.86e-03,2.52e-03; 8.07e-03,3.11e-03; 8.32e-03,3.66e-03; 8.63e-03,4.15e-03; 9.04e-03,4.53e-03; 8.90e-03,4.00e-03,1.47e-03; 8.94e-03,3.67e-03,2.55e-03; 9.10e-03,3.67e-03,3.19e-03; 9.31e-03,3.90e-03,3.56e-03; 9.55e-03,4.10e-03,3.91e-03; 9.82e-03,4.52e-03,4.02e-03; 1.01e-02,5.40e-03,3.66e-03; 1.02e-02,6.03e-03,3.51e-03,2.29e-04; 1.02e-02,6.07e-03,4.13e-03,3.15e-04; 1.04e-02,5.95e-03,5.07e-03,9.26e-05; 1.07e-02,5.88e-03,5.79e-03; 1.09e-02,6.19e-03,6.01e-03; 1.11e-02,6.32e-03,6.10e-03,4.64e-04; 1.16e-02,6.82e-03,5.66e-03,6.81e-04; 1.18e-02,7.25e-03,5.34e-03,1.16e-03; 1.20e-02,7.53e-03,5.45e-03,1.40e-03; 1.22e-02,7.67e-03,5.78e-03,1.48e-03; 1.25e-02,7.82e-03,6.10e-03,1.50e-03; 1.29e-02,7.94e-03,6.47e-03,1.45e-03; 1.32e-02,7.87e-03,7.07e-03,1.38e-03; 1.35e-02,7.78e-03,7.60e-03,1.43e-03; 1.38e-02,8.28e-03,7.38e-03,1.71e-03; 1.39e-02,8.50e-03,7.35e-03,2.14e-03; 1.41e-02,8.36e-03,7.98e-03,2.26e-03; 1.44e-02,9.15e-03,7.55e-03,2.40e-03; 1.48e-02,9.76e-03,7.31e-03,2.47e-03; 1.51e-02,1.01e-02,7.42e-03,2.41e-03; 1.55e-02,1.02e-02,7.92e-03,2.29e-03; 1.57e-02,1.01e-02,8.49e-03,2.36e-03; 1.60e-02,1.00e-02,8.76e-03,2.77e-03; 1.61e-02,1.01e-02,8.69e-03,3.41e-03; 1.59e-02,1.10e-02,7.91e-03,4.28e-03; 1.62e-02,1.16e-02,7.67e-03,4.50e-03; 1.64e-02,1.19e-02,7.86e-03,4.53e-03; 1.67e-02,1.21e-02,8.28e-03,4.44e-03; 1.70e-02,1.24e-02,8.56e-03,4.42e-03; 1.73e-02,1.29e-02,8.29e-03,4.68e-03; 1.77e-02,1.36e-02,7.41e-03,5.26e-03; 1.81e-02,1.41e-02,6.66e-03,5.85e-03; 1.81e-02,1.40e-02,7.38e-03,6.05e-03; 1.82e-02,1.37e-02,8.32e-03,6.10e-03; 1.83e-02,1.35e-02,9.20e-03,6.04e-03; 1.86e-02,1.35e-02,9.86e-03,5.97e-03; 1.88e-02,1.36e-02,1.03e-02,5.95e-03; 1.91e-02,1.38e-02,1.05e-02,6.08e-03; 1.93e-02,1.39e-02,1.07e-02,6.34e-03; 1.95e-02,1.40e-02,1.09e-02,6.64e-03","33,33,33,33,33,33,33,33,33,33,33,33,33,33,33,33,33,33,33,33,33,33,33,33,33,33,33,33,33,33,33,33,33,33,33,33,33,33,33,33,33,33,33,33,33,33,33,33,33,33,33,33,33,33,33,33,33,33,33,33,33,33,33,33"
1432,1.83,1.47,"0.05,0.18,0.35,0.52,0.68,0.83,0.97,1.10,1.25,1.43,1.61,1.77,1.91,2.04,2.15,2.25,2.36,2.49,2.62,2.74,2.86,2.96,3.05,3.14,3.24,3.35,3.45,3.54,3.63,3.72,3.80,3.88,3.97,4.05,4.14,4.22,4.29,4.37,4.44,4.51,4.58,4.66,4.73,4.80,4.86,4.93,4.99,5.05,5.12,5.19,5.25,5.31,5.36,5.42,5.48,5.54,5.60,5.66,5.71,5.76,5.82,5.87,5.92,5.97","1.95e-04,1.64e-08,5.41e-09,4.52e-09","5,5,5,5","2.42e-04; 4.85e-04; 7.27e-04; 9.70e-04; 1.21e-03; 1.45e-03; 1.70e-03; 1.94e-03; 2.18e-03; 2.42e-03; 2.67e-03; 2.91e-03; 3.15e-03; 3.39e-03; 3.64e-03; 3.86e-03,2.32e-05; 3.92e-03,1.99e-04; 4.10e-03,2.68e-04; 4.35e-03,2.60e-04; 4.61e-03,2.41e-04; 4.82e-03,2.69e-04; 4.96e-03,3.70e-04; 4.91e-03,6.68e-04; 4.95e-03,8.73e-04; 5.03e-03,1.03e-03; 5.18e-03,1.12e-03; 5.39e-03,1.15e-03; 5.62e-03,1.17e-03; 5.82e-03,1.22e-03; 5.96e-03,1.32e-03; 6.05e-03,1.47e-03; 6.12e-03,1.64e-03; 6.22e-03,1.78e-03; 6.37e-03,1.87e-03; 6.57e-03,1.92e-03; 6.78e-03,1.95e-03; 6.97e-03,2.00e-03; 7.12e-03,2.09e-03; 7.22e-03,2.23e-03; 7.30e-03,2.39e-03; 7.41e-03,2.53e-03; 7.56e-03,2.62e-03; 7.75e-03,2.68e-03; 7.95e-03,2.72e-03; 8.14e-03,2.77e-03; 8.29e-03,2.87e-03; 8.39e-03,3.00e-03; 8.48e-03,3.16e-03; 8.58e-03,3.30e-03; 8.73e-03,3.39e-03; 8.91e-03,3.45e-03; 9.11e-03,3.50e-03; 9.29e-03,3.56e-03; 9.43e-03,3.66e-03; 9.54e-03,3.79e-03; 9.63e-03,3.95e-03; 9.74e-03,4.08e-03; 9.88e-03,4.18e-03; 1.01e-02,4.25e-03; 1.02e-02,4.31e-03; 1.04e-02,4.37e-03; 1.06e-02,4.47e-03; 1.07e-02,4.60e-03; 1.08e-02,4.76e-03","24,24,24,24,24,24,24,24,24,24,24,24,24,24,24,24,24,24,24,24,24,24,24,24,24,24,24,24,24,24,24,24,24,24,24,24,24,24,24,24,24,24,24,24,24,24,24,24,24,24,24,24,24,24,24,24,24,24,24,24,24,24,24,24"
1433,0.44,0.40,"0.01,0.02,0.05,0.08,0.11,0.15,0.19,0.23,0.28,0.33,0.39,0.45,0.52,0.58,0.63,0.69,0.74,0.79,0.86,0.92,0.98,1.05,1.10,1.15,1.20,1.25,1.31,1.36,1.42,1.48,1.53,1.58,1.62,1.66,1.71,1.76,1.81,1.86,1.91,1.95,1.99,2.03,2.07,2.12,2.16,2.21,2.25,2.29,2.32,2.36,2.39,2.44,2.48,2.52,2.56,2.59,2.62,2.65,2.68,2.72,2.76,2.79,2.83,2.86","2.29e-05,1.18e-09,7.70e-10,4.03e-10","4,4,4,4","2.84e-05; 5.69e-05; 8.53e-05; 1.14e-04; 1.42e-04; 1.71e-04; 1.99e-04; 2.28e-04; 2.56e-04; 2.84e-04; 3.13e-04; 3.41e-04; 3.70e-04; 3.98e-04; 4.27e-04; 4.55e-04; 4.83e-04; 5.12e-04; 5.40e-04; 5.69e-04; 5.97e-04; 6.26e-04; 6.54e-04; 6.83e-04; 7.11e-04; 7.39e-04; 7.68e-04; 7.96e-04; 8.25e-04; 8.53e-04; 8.82e-04; 9.10e-04; 9.38e-04; 9.67e-04; 9.95e-04; 1.02e-03; 1.05e-03; 1.08e-03; 1.11e-03; 1.14e-03; 1.17e-03; 1.19e-03; 1.22e-03; 1.25e-03; 1.28e-03; 1.31e-03; 1.34e-03; 1.37e-03; 1.39e-03; 1.42e-03; 1.45e-03; 1.48e-03; 1.51e-03; 1.54e-03; 1.56e-03; 1.59e-03; 1.62e-03; 1.65e-03; 1.67e-03,7.13e-06; 1.70e-03,9.05e-06; 1.73e-03,7.81e-06; 1.76e-03,6.59e-06; 1.78e-03,9.14e-06; 1.80e-03,1.79e-05","25,25,25,25,25,25,25,25,25,25,25,25,25,25,25,25,25,25,25,25,25,25,25,25,25,25,25,25,25,25,25,25,25,25,25,25,25,25,25,25,25,25,25,25,25,25,25,25,25,25,25,25,25,25,25,25,25,25,25,25,25,25,25,25"
1434,0.04,0.03,"0.00,0.00,0.00,0.00,0.01,0.01,0.01,0.02,0.02,0.03,0.03,0.04,0.04,0.05,0.06,0.06,0.07,0.08,0.09,0.10,0.11,0.12,0.13,0.14,0.15,0.16,0.17,0.18,0.19,0.21,0.22,0.23,0.24,0.25,0.27,0.28,0.29,0.31,0.32,0.33,0.35,0.36,0.37,0.39,0.40,0.42,0.43,0.44,0.46,0.47,0.49,0.50,0.52,0.53,0.55,0.56,0.57,0.59,0.60,0.62,0.64,0.65,0.67,0.68","2.03e-06,7.80e-11,4.16e-11,3.66e-11","1,1,1,1",2.51e-06; 5.03e-06; 7.54e-06; 1.01e-05; 1.26e-05; 1.51e-05; 1.76e-05; 2.01e-05; 2.26e-05; 2.51e-05; 2.77e-05; 3.02e-05; 3.27e-05; 3.52e-05; 3.77e-05; 4.02e-05; 4.28e-05; 4.53e-05; 4.78e-05; 5.03e-05; 5.28e-05; 5.53e-05; 5.78e-05; 6.04e-05; 6.29e-05; 6.54e-05; 6.79e-05; 7.04e-05; 7.29e-05; 7.54e-05; 7.80e-05; 8.05e-05; 8.30e-05; 8.55e-05; 8.80e-05; 9.05e-05; 9.30e-05; 9.56e-05; 9.81e-05; 1.01e-04; 1.03e-04; 1.06e-04; 1.08e-04; 1.11e-04; 1.13e-04; 1.16e-04; 1.18e-04; 1.21e-04; 1.23e-04; 1.26e-04; 1.28e-04; 1.31e-04; 1.33e-04; 1.36e-04; 1.38e-04; 1.41e-04; 1.43e-04; 1.46e-04; 1.48e-04; 1.51e-04; 1.53e-04; 1.56e-04; 1.58e-04; 1.61e-04,"25,25,25,25,25,25,25,25,25,25,25,25,25,25,25,25,25,25,25,25,25,25,25,25,25,25,25,25,25,25,25,25,25,25,25,25,25,25,25,25,25,25,25,25,25,25,25,25,25,25,25,25,25,25,25,25,25,25,25,25,25,25,25,25"
1435,0.12,0.09,"0.00,0.01,0.01,0.02,0.03,0.04,0.05,0.06,0.08,0.09,0.11,0.12,0.14,0.16,0.18,0.20,0.22,0.25,0.27,0.30,0.32,0.35,0.37,0.40,0.42,0.45,0.48,0.51,0.54,0.57,0.60,0.62,0.64,0.67,0.70,0.73,0.76,0.79,0.82,0.84,0.87,0.90,0.93,0.97,1.00,1.02,1.05,1.08,1.10,1.13,1.16,1.20,1.23,1.27,1.30,1.32,1.35,1.38,1.41,1.44,1.47,1.50,1.53,1.56","1.11e-05,6.49e-10,3.98e-10,1.94e-10","4,4,4,4","1.38e-05; 2.77e-05; 4.15e-05; 5.53e-05; 6.91e-05; 8.30e-05; 9.68e-05; 1.11e-04; 1.24e-04; 1.38e-04; 1.52e-04; 1.66e-04; 1.80e-04; 1.94e-04; 2.07e-04; 2.21e-04; 2.35e-04; 2.49e-04; 2.63e-04; 2.77e-04; 2.90e-04; 3.04e-04; 3.18e-04; 3.32e-04; 3.46e-04; 3.60e-04; 3.73e-04; 3.87e-04; 4.01e-04; 4.15e-04; 4.29e-04; 4.43e-04; 4.56e-04; 4.70e-04; 4.84e-04; 4.98e-04; 5.12e-04; 5.25e-04; 5.39e-04; 5.53e-04; 5.66e-04; 5.77e-04,4.01e-06; 5.84e-04,1.09e-05; 5.87e-04,2.16e-05; 5.88e-04,3.46e-05; 5.88e-04,4.80e-05; 5.68e-04,8.18e-05; 5.69e-04,9.49e-05; 5.76e-04,1.02e-04; 5.81e-04,1.10e-04; 5.86e-04,1.19e-04; 5.92e-04,1.27e-04; 5.99e-04,1.34e-04; 6.06e-04,1.40e-04; 6.12e-04,1.48e-04; 6.18e-04,1.57e-04; 6.28e-04,1.61e-04; 6.35e-04,1.67e-04; 6.39e-04,1.76e-04; 6.39e-04,1.90e-04; 6.38e-04,2.05e-04; 6.38e-04,2.19e-04; 6.40e-04,2.31e-04; 6.46e-04,2.39e-04","33,33,33,33,33,33,33,33,33,33,33,33,33,33,33,33,33,33,33,33,33,33,33,33,33,33,33,33,33,33,33,33,33,33,33,33,33,33,33,33,33,33,33,33,33,33,33,33,33,33,33,33,33,33,33,33,33,33,33,33,33,33,33,33"
1436,0.08,0.04,"0.00,0.00,0.01,0.01,0.02,0.03,0.03,0.04,0.05,0.06,0.08,0.09,0.11,0.12,0.14,0.15,0.17,0.18,0.21,0.23,0.25,0.27,0.29,0.31,0.33,0.35,0.37,0.39,0.42,0.44,0.47,0.49,0.50,0.53,0.55,0.58,0.60,0.63,0.65,0.67,0.69,0.71,0.74,0.76,0.79,0.81,0.84,0.86,0.87,0.90,0.92,0.95,0.97,0.99,1.02,1.04,1.05,1.08,1.10,1.12,1.15,1.17,1.19,1.21","3.73e-06,1.21e-10,6.42e-11,5.06e-11","1,1,1,1",4.63e-06; 9.26e-06; 1.39e-05; 1.85e-05; 2.32e-05; 2.78e-05; 3.24e-05; 3.71e-05; 4.17e-05; 4.63e-05; 5.09e-05; 5.56e-05; 6.02e-05; 6.48e-05; 6.95e-05; 7.41e-05; 7.87e-05; 8.34e-05; 8.80e-05; 9.26e-05; 9.73e-05; 1.02e-04; 1.07e-04; 1.11e-04; 1.16e-04; 1.20e-04; 1.25e-04; 1.30e-04; 1.34e-04; 1.39e-04; 1.44e-04; 1.48e-04; 1.53e-04; 1.57e-04; 1.62e-04; 1.67e-04; 1.71e-04; 1.76e-04; 1.81e-04; 1.85e-04; 1.90e-04; 1.95e-04; 1.99e-04; 2.04e-04; 2.08e-04; 2.13e-04; 2.18e-04; 2.22e-04; 2.27e-04; 2.32e-04; 2.36e-04; 2.41e-04; 2.45e-04; 2.50e-04; 2.55e-04; 2.59e-04; 2.64e-04; 2.69e-04; 2.73e-04; 2.78e-04; 2.83e-04; 2.87e-04; 2.92e-04; 2.96e-04,"24,24,24,24,24,24,24,24,24,24,24,24,24,24,24,24,24,24,24,24,24,24,24,24,24,24,24,24,24,24,24,24,24,24,24,24,24,24,24,24,24,24,24,24,24,24,24,24,24,24,24,24,24,24,24,24,24,24,24,24,24,24,24,24"
1437,0.04,0.03,"0.00,0.00,0.00,0.01,0.01,0.01,0.01,0.02,0.02,0.02,0.03,0.03,0.04,0.05,0.05,0.06,0.06,0.07,0.08,0.09,0.10,0.11,0.11,0.12,0.13,0.14,0.15,0.16,0.17,0.18,0.19,0.20,0.21,0.22,0.24,0.25,0.26,0.28,0.29,0.30,0.31,0.32,0.33,0.35,0.36,0.38,0.39,0.40,0.41,0.42,0.44,0.45,0.47,0.48,0.50,0.51,0.52,0.53,0.55,0.56,0.58,0.59,0.61,0.62","1.84e-06,1.00e-10,5.06e-11,2.42e-11","0,0,0,0",2.29e-06; 4.58e-06; 6.87e-06; 9.15e-06; 1.14e-05; 1.37e-05; 1.60e-05; 1.83e-05; 2.06e-05; 2.29e-05; 2.52e-05; 2.75e-05; 2.97e-05; 3.20e-05; 3.43e-05; 3.66e-05; 3.89e-05; 4.12e-05; 4.35e-05; 4.58e-05; 4.81e-05; 5.03e-05; 5.26e-05; 5.49e-05; 5.72e-05; 5.95e-05; 6.18e-05; 6.41e-05; 6.64e-05; 6.86e-05; 7.09e-05; 7.32e-05; 7.55e-05; 7.78e-05; 8.01e-05; 8.24e-05; 8.47e-05; 8.70e-05; 8.92e-05; 9.15e-05; 9.38e-05; 9.61e-05; 9.84e-05; 1.01e-04; 1.03e-04; 1.05e-04; 1.08e-04; 1.10e-04; 1.12e-04; 1.14e-04; 1.17e-04; 1.19e-04; 1.21e-04; 1.24e-04; 1.26e-04; 1.28e-04; 1.30e-04; 1.33e-04; 1.35e-04; 1.37e-04; 1.40e-04; 1.42e-04; 1.44e-04; 1.46e-04,"32,32,32,32,32,32,32,32,32,32,32,32,32,32,32,32,32,32,32,32,32,32,32,32,32,32,32,32,32,32,32,32,32,32,32,32,32,32,32,32,32,32,32,32,32,32,32,32,32,32,32,32,32,32,32,32,32,32,32,32,32,32,32,32"
1438,0.01,0.01,"0.00,0.00,0.00,0.00,0.00,0.00,0.01,0.01,0.01,0.01,0.01,0.02,0.02,0.02,0.02,0.03,0.03,0.03,0.04,0.04,0.05,0.05,0.06,0.06,0.06,0.07,0.07,0.08,0.09,0.09,0.10,0.10,0.11,0.11,0.12,0.13,0.13,0.14,0.15,0.15,0.16,0.17,0.17,0.18,0.19,0.20,0.21,0.21,0.22,0.23,0.23,0.24,0.25,0.26,0.27,0.28,0.28,0.29,0.30,0.31,0.32,0.33,0.34,0.34","6.64e-07,5.81e-11,1.04e-11,6.92e-12","0,0,0,0",; 1.65e-06; 2.47e-06; 3.30e-06; 4.12e-06; 4.95e-06; 5.77e-06; 6.60e-06; 7.42e-06; 8.25e-06; 9.07e-06; 9.90e-06; 1.07e-05; 1.15e-05; 1.24e-05; 1.32e-05; 1.40e-05; 1.48e-05; 1.57e-05; 1.65e-05; 1.73e-05; 1.81e-05; 1.90e-05; 1.98e-05; 2.06e-05; 2.14e-05; 2.23e-05; 2.31e-05; 2.39e-05; 2.47e-05; 2.56e-05; 2.64e-05; 2.72e-05; 2.80e-05; 2.89e-05; 2.97e-05; 3.05e-05; 3.13e-05; 3.22e-05; 3.30e-05; 3.38e-05; 3.46e-05; 3.55e-05; 3.63e-05; 3.71e-05; 3.79e-05; 3.88e-05; 3.96e-05; 4.04e-05; 4.12e-05; 4.21e-05; 4.29e-05; 4.37e-05; 4.45e-05; 4.54e-05; 4.62e-05; 4.70e-05; 4.78e-05; 4.87e-05; 4.95e-05; 5.03e-05; 5.11e-05; 5.20e-05; 5.28e-05,"24,24,24,24,24,24,24,24,24,24,24,24,24,24,24,24,24,24,24,24,24,24,24,24,24,24,24,24,24,24,24,24,24,24,24,24,24,24,24,24,24,24,24,24,24,24,24,24,24,24,24,24,24,24,24,24,24,24,24,24,24,24,24,24"
1439,0.00,0.00,"0.00,0.00,0.00,0.00,0.00,0.00,0.00,0.00,0.00,0.00,0.01,0.01,0.01,0.01,0.01,0.01,0.01,0.01,0.01,0.02,0.02,0.02,0.02,0.02,0.03,0.03,0.03,0.03,0.03,0.04,0.04,0.04,0.04,0.05,0.05,0.05,0.06,0.06,0.06,0.06,0.07,0.07,0.07,0.08,0.08,0.08,0.09,0.09,0.09,0.10,0.10,0.10,0.11,0.11,0.12,0.12,0.12,0.13,0.13,0.14,0.14,0.15,0.15,0.15","3.19e-07,1.86e-11,1.16e-11,4.90e-12","4,4,4,4",; ; 1.19e-06; 1.58e-06; 1.98e-06; 2.37e-06; 2.77e-06; 3.17e-06; 3.56e-06; 3.96e-06; 4.35e-06; 4.75e-06; 5.14e-06; 5.54e-06; 5.93e-06; 6.33e-06; 6.73e-06; 7.12e-06; 7.52e-06; 7.91e-06; 8.31e-06; 8.70e-06; 9.10e-06; 9.50e-06; 9.89e-06; 1.03e-05; 1.07e-05; 1.11e-05; 1.15e-05; 1.19e-05; 1.23e-05; 1.27e-05; 1.31e-05; 1.35e-05; 1.38e-05; 1.42e-05; 1.46e-05; 1.50e-05; 1.54e-05; 1.58e-05; 1.62e-05; 1.66e-05; 1.70e-05; 1.74e-05; 1.78e-05; 1.82e-05; 1.86e-05; 1.90e-05; 1.94e-05; 1.98e-05; 2.02e-05; 2.06e-05; 2.10e-05; 2.14e-05; 2.18e-05; 2.22e-05; 2.26e-05; 2.29e-05; 2.33e-05; 2.37e-05; 2.41e-05; 2.45e-05; 2.49e-05; 2.53e-05,"24,24,24,24,24,24,24,24,24,24,24,24,24,24,24,24,24,24,24,24,24,24,24,24,24,24,24,24,24,24,24,24,24,24,24,24,24,24,24,24,24,24,24,24,24,24,24,24,24,24,24,24,24,24,24,24,24,24,24,24,24,24,24,24"
1440,0.00,0.00,"0.00,0.00,0.00,0.00,0.00,0.00,0.00,0.00,0.00,0.00,0.00,0.00,0.00,0.00,0.00,0.00,0.00,0.00,0.00,0.00,0.00,0.00,0.00,0.01,0.01,0.01,0.01,0.01,0.01,0.01,0.01,0.01,0.01,0.01,0.01,0.01,0.01,0.01,0.01,0.01,0.01,0.02,0.02,0.02,0.02,0.02,0.02,0.02,0.02,0.02,0.02,0.02,0.02,0.03,0.03,0.03,0.03,0.03,0.03,0.03,0.03,0.03,0.03,0.04","2.41e-07,1.28e-11,7.31e-12,6.35e-12","5,5,5,5",; ; ; 1.20e-06; 1.50e-06; 1.80e-06; 2.10e-06; 2.40e-06; 2.70e-06; 3.00e-06; 3.30e-06; 3.60e-06; 3.90e-06; 4.20e-06; 4.50e-06; 4.80e-06; 5.10e-06; 5.40e-06; 5.69e-06; 5.99e-06; 6.29e-06; 6.59e-06; 6.89e-06; 7.19e-06; 7.49e-06; 7.79e-06; 8.09e-06; 8.39e-06; 8.69e-06; 8.99e-06; 9.29e-06; 9.59e-06; 9.89e-06; 1.02e-05; 1.05e-05; 1.08e-05; 1.11e-05; 1.14e-05; 1.17e-05; 1.20e-05; 1.23e-05; 1.26e-05; 1.29e-05; 1.32e-05; 1.35e-05; 1.38e-05; 1.41e-05; 1.44e-05; 1.47e-05; 1.50e-05; 1.53e-05; 1.56e-05; 1.59e-05; 1.62e-05; 1.65e-05; 1.68e-05; 1.71e-05; 1.74e-05; 1.77e-05; 1.80e-05; 1.83e-05; 1.86e-05; 1.89e-05; 1.92e-05,"31,31,31,31,31,31,31,31,31,31,31,31,31,31,31,31,31,31,31,31,31,31,31,31,31,31,31,31,31,31,31,31,31,31,31,31,31,31,31,31,31,31,31,31,31,31,31,31,31,31,31,31,31,31,31,31,31,31,31,31,31,31,31,31"
1447,2.49,1.75,"0.05,0.17,0.33,0.50,0.66,0.80,0.93,1.04,1.17,1.34,1.52,1.69,1.83,1.96,2.08,2.19,2.30,2.43,2.56,2.68,2.80,2.90,3.01,3.10,3.20,3.30,3.39,3.49,3.58,3.67,3.75,3.83,3.91,3.99,4.07,4.15,4.22,4.29,4.37,4.43,4.50,4.57,4.63,4.70,4.76,4.82,4.89,4.95,5.00,5.06,5.12,5.17,5.23,5.28,5.34,5.39,5.44,5.49,5.54,5.59,5.64,5.69,5.74,5.79","3.40e-04,2.01e-08,1.11e-08,5.99e-09","5,5,5,5","4.23e-04; 8.45e-04; 1.27e-03; 1.69e-03; 2.11e-03; 2.54e-03; 2.96e-03; 3.38e-03; 3.56e-03,2.44e-04; 3.96e-03,2.65e-04; 4.57e-03,8.40e-05; 5.07e-03; 5.41e-03,8.13e-05; 5.52e-03,3.94e-04; 5.48e-03,8.57e-04; 5.39e-03,1.37e-03; 5.43e-03,1.75e-03; 5.67e-03,1.94e-03; 6.12e-03,1.92e-03; 6.59e-03,1.87e-03; 6.96e-03,1.91e-03; 7.19e-03,2.11e-03; 7.29e-03,2.43e-03; 7.32e-03,2.83e-03; 7.42e-03,3.15e-03; 7.68e-03,3.31e-03; 8.07e-03,3.35e-03; 8.51e-03,3.33e-03; 8.89e-03,3.37e-03; 9.15e-03,3.53e-03; 9.29e-03,3.82e-03; 9.36e-03,4.17e-03; 9.48e-03,4.47e-03; 9.73e-03,4.64e-03; 1.01e-02,4.69e-03; 1.05e-02,4.70e-03; 1.09e-02,4.74e-03; 1.12e-02,4.90e-03; 1.13e-02,5.16e-03; 1.14e-02,5.49e-03; 1.16e-02,5.78e-03; 1.18e-02,5.95e-03; 1.22e-02,6.02e-03; 1.26e-02,6.04e-03; 1.29e-02,6.09e-03; 1.32e-02,6.24e-03; 1.34e-02,6.49e-03; 1.35e-02,6.82e-03; 1.36e-02,7.10e-03; 1.39e-02,7.28e-03; 1.42e-02,7.35e-03; 1.46e-02,7.38e-03; 1.50e-02,7.45e-03; 1.52e-02,7.59e-03; 1.54e-02,7.84e-03; 1.55e-02,8.16e-03; 1.57e-02,8.43e-03; 1.59e-02,8.62e-03; 1.62e-02,8.70e-03; 1.66e-02,8.74e-03; 1.70e-02,8.81e-03; 1.72e-02,8.96e-03; 1.74e-02,9.21e-03; 1.75e-02,9.53e-03","32,32,32,32,32,32,32,32,32,32,32,32,32,32,32,32,32,32,32,32,32,32,32,32,32,32,32,32,32,32,32,32,32,32,32,32,32,32,32,32,32,32,32,32,32,32,32,32,32,32,32,32,32,32,32,32,32,32,32,32,32,32,32,32"
1448,0.42,0.37,"0.00,0.01,0.02,0.03,0.04,0.05,0.07,0.08,0.10,0.12,0.15,0.18,0.21,0.24,0.26,0.29,0.32,0.34,0.38,0.42,0.45,0.49,0.52,0.55,0.58,0.61,0.65,0.69,0.72,0.76,0.79,0.82,0.85,0.88,0.92,0.96,0.99,1.03,1.06,1.09,1.12,1.15,1.19,1.22,1.26,1.30,1.33,1.36,1.39,1.41,1.45,1.49,1.52,1.56,1.59,1.61,1.64,1.67,1.70,1.74,1.77,1.80,1.83,1.86","2.23e-05,1.64e-09,6.01e-10,4.15e-10","4,4,4,4","2.77e-05; 5.54e-05; 8.32e-05; 1.11e-04; 1.39e-04; 1.66e-04; 1.94e-04; 2.22e-04; 2.49e-04; 2.77e-04; 3.05e-04; 3.33e-04; 3.60e-04; 3.88e-04; 4.16e-04; 4.43e-04; 4.71e-04; 4.99e-04; 5.27e-04; 5.54e-04; 5.82e-04; 6.10e-04; 6.38e-04; 6.65e-04; 6.93e-04; 7.21e-04; 7.48e-04; 7.76e-04; 8.04e-04; 8.32e-04; 8.59e-04; 8.87e-04; 9.15e-04; 9.35e-04,7.83e-06; 9.50e-04,1.97e-05; 9.51e-04,4.65e-05; 9.49e-04,7.67e-05; 9.67e-04,8.66e-05; 9.66e-04,1.15e-04; 9.90e-04,1.18e-04; 1.02e-03,1.20e-04; 1.02e-03,1.42e-04; 1.04e-03,1.51e-04; 1.05e-03,1.73e-04; 1.05e-03,1.99e-04; 1.07e-03,2.09e-04; 1.07e-03,2.34e-04; 1.09e-03,2.38e-04; 1.12e-03,2.41e-04; 1.13e-03,2.60e-04; 1.14e-03,2.69e-04; 1.15e-03,2.88e-04; 1.16e-03,3.10e-04; 1.18e-03,3.20e-04; 1.18e-03,3.43e-04; 1.20e-03,3.48e-04; 1.23e-03,3.52e-04; 1.24e-03,3.68e-04; 1.26e-03,3.77e-04; 1.27e-03,3.94e-04; 1.28e-03,4.15e-04; 1.29e-03,4.24e-04; 1.30e-03,4.46e-04; 1.32e-03,4.52e-04","15,15,15,15,15,15,15,15,15,15,15,15,15,15,15,15,15,15,15,15,15,15,15,15,15,15,15,15,15,15,15,15,15,15,15,15,15,15,15,15,15,15,15,15,15,15,15,15,15,15,15,15,15,15,15,15,15,15,15,15,15,15,15,15"
1449,2.29,2.21,"0.05,0.18,0.34,0.52,0.69,0.86,1.02,1.17,1.32,1.48,1.65,1.82,1.97,2.10,2.23,2.34,2.45,2.57,2.69,2.82,2.93,3.04,3.14,3.24,3.33,3.43,3.52,3.62,3.71,3.80,3.89,3.97,4.05,4.13,4.21,4.28,4.36,4.43,4.51,4.58,4.65,4.72,4.78,4.85,4.91,4.98,5.04,5.10,5.17,5.23,5.28,5.34,5.40,5.45,5.51,5.57,5.62,5.68,5.73,5.78,5.83,5.88,5.93,5.98","3.10e-04,1.89e-08,1.01e-08,4.28e-09","0,0,0,0","3.85e-04; 7.71e-04; 1.16e-03; 1.54e-03; 1.93e-03; 2.31e-03; 2.70e-03; 3.08e-03; 3.47e-03; 3.85e-03; 4.24e-03; 4.62e-03; 5.01e-03; 5.40e-03; 5.78e-03; 6.09e-03,7.81e-05; 6.19e-03,3.57e-04; 6.44e-03,4.94e-04; 6.81e-03,5.14e-04; 7.21e-03,5.02e-04; 7.55e-03,5.41e-04; 7.61e-03,8.65e-04; 7.75e-03,1.11e-03; 7.87e-03,1.38e-03; 8.00e-03,1.63e-03; 8.23e-03,1.78e-03; 8.55e-03,1.85e-03; 8.90e-03,1.89e-03; 9.21e-03,1.96e-03; 9.46e-03,2.10e-03; 9.64e-03,2.31e-03; 9.79e-03,2.55e-03; 9.94e-03,2.77e-03; 1.02e-02,2.92e-03; 1.05e-02,3.01e-03; 1.08e-02,3.06e-03; 1.11e-02,3.14e-03; 1.14e-02,3.27e-03; 1.16e-02,3.47e-03; 1.17e-02,3.70e-03; 1.19e-02,3.92e-03; 1.21e-02,4.08e-03; 1.24e-02,4.17e-03; 1.27e-02,4.23e-03; 1.30e-02,4.32e-03; 1.33e-02,4.46e-03; 1.35e-02,4.66e-03; 1.36e-02,4.89e-03; 1.38e-02,5.11e-03; 1.40e-02,5.27e-03; 1.43e-02,5.37e-03; 1.46e-02,5.45e-03; 1.49e-02,5.54e-03; 1.51e-02,5.69e-03; 1.53e-02,5.89e-03; 1.55e-02,6.13e-03; 1.56e-02,6.35e-03; 1.58e-02,6.52e-03; 1.61e-02,6.63e-03; 1.64e-02,6.71e-03; 1.67e-02,6.82e-03; 1.69e-02,6.97e-03; 1.71e-02,7.18e-03; 1.72e-02,7.43e-03","40,40,40,40,40,40,40,40,40,40,40,40,40,40,40,40,40,40,40,40,40,40,40,40,40,40,40,40,40,40,40,40,40,40,40,40,40,40,40,40,40,40,40,40,40,40,40,40,40,40,40,40,40,40,40,40,40,40,40,40,40,40,40,40"
1450,2.07,1.73,"0.03,0.12,0.24,0.36,0.50,0.63,0.75,0.88,1.00,1.14,1.29,1.43,1.57,1.69,1.80,1.90,2.00,2.11,2.22,2.33,2.44,2.54,2.63,2.72,2.80,2.89,2.98,3.07,3.16,3.24,3.32,3.39,3.47,3.54,3.62,3.69,3.76,3.84,3.91,3.97,4.03,4.10,4.16,4.22,4.29,4.35,4.41,4.47,4.53,4.58,4.64,4.69,4.75,4.80,4.86,4.91,4.96,5.01,5.06,5.11,5.16,5.21,5.26,5.30","2.50e-04,1.08e-08,8.59e-09,3.97e-09","1,1,1,1","3.10e-04; 6.20e-04; 9.29e-04; 1.24e-03; 1.55e-03; 1.86e-03; 2.17e-03; 2.48e-03; 2.79e-03; 3.10e-03; 3.41e-03; 3.72e-03; 4.03e-03; 4.34e-03; 4.65e-03; 4.96e-03; 5.27e-03; 5.44e-03,1.33e-04; 5.74e-03,1.43e-04; 6.07e-03,1.23e-04; 6.35e-03,1.55e-04; 6.54e-03,2.73e-04; 6.67e-03,4.57e-04; 6.77e-03,6.64e-04; 6.71e-03,1.03e-03; 6.88e-03,1.17e-03; 7.15e-03,1.22e-03; 7.44e-03,1.23e-03; 7.71e-03,1.28e-03; 7.90e-03,1.39e-03; 8.04e-03,1.57e-03; 8.16e-03,1.75e-03; 8.25e-03,1.97e-03; 8.43e-03,2.10e-03; 8.69e-03,2.15e-03; 8.97e-03,2.18e-03; 9.23e-03,2.24e-03; 9.43e-03,2.35e-03; 9.58e-03,2.50e-03; 9.72e-03,2.67e-03; 9.83e-03,2.87e-03; 1.00e-02,3.00e-03; 1.03e-02,3.06e-03; 1.05e-02,3.10e-03; 1.08e-02,3.16e-03; 1.10e-02,3.27e-03; 1.11e-02,3.42e-03; 1.13e-02,3.59e-03; 1.14e-02,3.78e-03; 1.16e-02,3.90e-03; 1.18e-02,3.97e-03; 1.21e-02,4.02e-03; 1.23e-02,4.09e-03; 1.25e-02,4.20e-03; 1.27e-02,4.35e-03; 1.28e-02,4.51e-03; 1.30e-02,4.70e-03; 1.31e-02,4.83e-03; 1.34e-02,4.90e-03; 1.36e-02,4.95e-03; 1.39e-02,5.02e-03; 1.41e-02,5.14e-03; 1.42e-02,5.29e-03; 1.44e-02,5.46e-03","40,40,40,40,40,40,40,40,40,40,40,40,40,40,40,40,40,40,40,40,40,40,40,40,40,40,40,40,40,40,40,40,40,40,40,40,40,40,40,40,40,40,40,40,40,40,40,40,40,40,40,40,40,40,40,40,40,40,40,40,40,40,40,40"
1451,1.68,1.60,"0.05,0.18,0.34,0.51,0.68,0.84,0.98,1.11,1.26,1.44,1.61,1.77,1.92,2.04,2.15,2.25,2.36,2.49,2.62,2.74,2.85,2.95,3.04,3.12,3.22,3.32,3.41,3.50,3.59,3.68,3.75,3.83,3.91,3.99,4.07,4.14,4.21,4.28,4.35,4.42,4.48,4.55,4.62,4.68,4.74,4.80,4.86,4.92,4.98,5.04,5.09,5.15,5.20,5.25,5.31,5.36,5.41,5.46,5.51,5.56,5.60,5.65,5.70,5.74","1.66e-04,1.33e-08,6.03e-09,4.01e-09","0,0,0,0","2.06e-04; 4.12e-04; 6.18e-04; 8.24e-04; 1.03e-03; 1.24e-03; 1.44e-03; 1.65e-03; 1.85e-03; 2.06e-03; 2.27e-03; 2.47e-03; 2.68e-03; 2.89e-03; 3.09e-03; 3.30e-03; 3.40e-03,9.87e-05; 3.57e-03,1.44e-04; 3.79e-03,1.29e-04; 4.01e-03,1.09e-04; 4.20e-03,1.24e-04; 4.34e-03,1.95e-04; 4.29e-03,4.49e-04; 4.32e-03,6.30e-04; 4.39e-03,7.59e-04; 4.54e-03,8.22e-04; 4.73e-03,8.38e-04; 4.93e-03,8.44e-04; 5.10e-03,8.81e-04; 5.22e-03,9.58e-04; 5.31e-03,1.08e-03; 5.37e-03,1.23e-03; 5.47e-03,1.33e-03; 5.61e-03,1.40e-03; 5.79e-03,1.42e-03; 5.98e-03,1.44e-03; 6.15e-03,1.48e-03; 6.28e-03,1.55e-03; 6.38e-03,1.66e-03; 6.45e-03,1.79e-03; 6.56e-03,1.89e-03; 6.71e-03,1.95e-03; 6.88e-03,1.98e-03; 7.07e-03,2.00e-03; 7.23e-03,2.04e-03; 7.36e-03,2.11e-03; 7.47e-03,2.22e-03; 7.55e-03,2.34e-03; 7.66e-03,2.44e-03; 7.81e-03,2.50e-03; 7.98e-03,2.53e-03; 8.16e-03,2.56e-03; 8.32e-03,2.60e-03; 8.46e-03,2.67e-03; 8.56e-03,2.78e-03; 8.64e-03,2.90e-03; 8.75e-03,2.99e-03; 8.90e-03,3.05e-03; 9.07e-03,3.09e-03; 9.25e-03,3.12e-03; 9.41e-03,3.16e-03; 9.54e-03,3.24e-03; 9.64e-03,3.34e-03; 9.72e-03,3.47e-03","33,33,33,33,33,33,33,33,33,33,33,33,33,33,33,33,33,33,33,33,33,33,33,33,33,33,33,33,33,33,33,33,33,33,33,33,33,33,33,33,33,33,33,33,33,33,33,33,33,33,33,33,33,33,33,33,33,33,33,33,33,33,33,33"
1452,0.01,0.01,"0.00,0.00,0.00,0.00,0.00,0.00,0.00,0.00,0.00,0.00,0.00,0.00,0.01,0.01,0.01,0.01,0.01,0.01,0.01,0.01,0.01,0.02,0.02,0.02,0.02,0.02,0.02,0.02,0.03,0.03,0.03,0.03,0.03,0.04,0.04,0.04,0.04,0.04,0.05,0.05,0.05,0.05,0.06,0.06,0.06,0.06,0.07,0.07,0.07,0.07,0.08,0.08,0.08,0.09,0.09,0.09,0.10,0.10,0.10,0.11,0.11,0.11,0.12,0.12","5.00e-07,3.04e-11,1.40e-11,1.09e-11","1,1,1,1",; 1.24e-06; 1.86e-06; 2.48e-06; 3.10e-06; 3.72e-06; 4.34e-06; 4.96e-06; 5.58e-06; 6.20e-06; 6.83e-06; 7.45e-06; 8.07e-06; 8.69e-06; 9.31e-06; 9.93e-06; 1.05e-05; 1.12e-05; 1.18e-05; 1.24e-05; 1.30e-05; 1.37e-05; 1.43e-05; 1.49e-05; 1.55e-05; 1.61e-05; 1.68e-05; 1.74e-05; 1.80e-05; 1.86e-05; 1.92e-05; 1.99e-05; 2.05e-05; 2.11e-05; 2.17e-05; 2.23e-05; 2.30e-05; 2.36e-05; 2.42e-05; 2.48e-05; 2.54e-05; 2.61e-05; 2.67e-05; 2.73e-05; 2.79e-05; 2.85e-05; 2.92e-05; 2.98e-05; 3.04e-05; 3.10e-05; 3.16e-05; 3.23e-05; 3.29e-05; 3.35e-05; 3.41e-05; 3.47e-05; 3.54e-05; 3.60e-05; 3.66e-05; 3.72e-05; 3.78e-05; 3.85e-05; 3.91e-05; 3.97e-05,"41,41,41,41,41,41,24,24,41,41,41,41,41,24,24,24,24,41,41,41,41,24,24,24,24,41,41,41,24,24,24,24,24,41,41,41,41,41,24,24,24,41,41,41,41,24,24,24,41,41,41,41,24,41,41,24,24,41,41,41,41,41,24,24"
1453,0.20,0.13,"0.00,0.01,0.02,0.04,0.05,0.08,0.10,0.12,0.15,0.18,0.21,0.25,0.30,0.34,0.37,0.41,0.45,0.49,0.53,0.58,0.63,0.67,0.72,0.76,0.79,0.84,0.88,0.93,0.98,1.02,1.07,1.10,1.14,1.18,1.23,1.27,1.32,1.36,1.40,1.44,1.47,1.51,1.55,1.59,1.64,1.68,1.71,1.74,1.78,1.81,1.85,1.89,1.93,1.97,2.00,2.03,2.06,2.10,2.13,2.17,2.21,2.24,2.27,2.30","1.08e-05,6.98e-10,3.69e-10,2.05e-10","1,1,1,1",1.34e-05; 2.67e-05; 4.01e-05; 5.35e-05; 6.68e-05; 8.02e-05; 9.36e-05; 1.07e-04; 1.20e-04; 1.34e-04; 1.47e-04; 1.60e-04; 1.74e-04; 1.87e-04; 2.00e-04; 2.14e-04; 2.27e-04; 2.41e-04; 2.54e-04; 2.67e-04; 2.81e-04; 2.94e-04; 3.07e-04; 3.21e-04; 3.34e-04; 3.47e-04; 3.61e-04; 3.74e-04; 3.88e-04; 4.01e-04; 4.14e-04; 4.28e-04; 4.41e-04; 4.54e-04; 4.68e-04; 4.81e-04; 4.94e-04; 5.08e-04; 5.21e-04; 5.35e-04; 5.48e-04; 5.61e-04; 5.75e-04; 5.88e-04; 6.01e-04; 6.15e-04; 6.28e-04; 6.41e-04; 6.55e-04; 6.68e-04; 6.82e-04; 6.95e-04; 7.08e-04; 7.22e-04; 7.35e-04; 7.48e-04; 7.62e-04; 7.75e-04; 7.89e-04; 8.02e-04; 8.15e-04; 8.29e-04; 8.42e-04; 8.55e-04,"32,32,32,32,32,32,32,32,32,32,32,32,32,32,32,32,32,32,32,32,32,32,32,32,32,32,32,32,32,32,32,32,32,32,32,32,32,32,32,32,32,32,32,32,32,32,32,32,32,32,32,32,32,32,32,32,32,32,32,32,32,32,32,32"
1454,0.12,0.06,"0.00,0.00,0.00,0.01,0.01,0.02,0.02,0.03,0.03,0.04,0.05,0.06,0.07,0.08,0.09,0.10,0.11,0.12,0.13,0.15,0.16,0.18,0.19,0.20,0.22,0.23,0.25,0.27,0.29,0.30,0.32,0.34,0.35,0.37,0.39,0.41,0.43,0.45,0.46,0.48,0.50,0.52,0.54,0.56,0.58,0.60,0.62,0.63,0.65,0.67,0.69,0.71,0.73,0.75,0.77,0.79,0.80,0.82,0.84,0.87,0.89,0.91,0.92,0.94","6.27e-06,4.97e-10,1.65e-10,1.39e-10","5,5,5,5",7.79e-06; 1.56e-05; 2.34e-05; 3.11e-05; 3.89e-05; 4.67e-05; 5.45e-05; 6.23e-05; 7.01e-05; 7.79e-05; 8.57e-05; 9.35e-05; 1.01e-04; 1.09e-04; 1.17e-04; 1.25e-04; 1.32e-04; 1.40e-04; 1.48e-04; 1.56e-04; 1.64e-04; 1.71e-04; 1.79e-04; 1.87e-04; 1.95e-04; 2.02e-04; 2.10e-04; 2.18e-04; 2.26e-04; 2.34e-04; 2.41e-04; 2.49e-04; 2.57e-04; 2.65e-04; 2.73e-04; 2.80e-04; 2.88e-04; 2.96e-04; 3.04e-04; 3.12e-04; 3.19e-04; 3.27e-04; 3.35e-04; 3.43e-04; 3.50e-04; 3.58e-04; 3.66e-04; 3.74e-04; 3.82e-04; 3.89e-04; 3.97e-04; 4.05e-04; 4.13e-04; 4.21e-04; 4.28e-04; 4.36e-04; 4.44e-04; 4.52e-04; 4.59e-04; 4.67e-04; 4.75e-04; 4.83e-04; 4.91e-04; 4.98e-04,"40,40,40,40,40,40,40,40,40,40,40,40,40,40,40,40,40,40,40,40,40,40,40,40,40,40,40,40,40,40,40,40,40,40,40,40,40,40,40,40,40,40,40,40,40,40,40,40,40,40,40,40,40,40,40,40,40,40,40,40,40,40,40,40"
1455,0.05,0.03,"0.00,0.00,0.00,0.01,0.01,0.02,0.02,0.03,0.03,0.04,0.05,0.06,0.07,0.08,0.09,0.10,0.11,0.12,0.14,0.15,0.17,0.18,0.20,0.21,0.22,0.24,0.26,0.28,0.29,0.31,0.33,0.34,0.36,0.38,0.40,0.42,0.44,0.46,0.47,0.49,0.51,0.53,0.55,0.57,0.59,0.61,0.62,0.64,0.66,0.68,0.70,0.72,0.74,0.76,0.78,0.80,0.81,0.83,0.85,0.87,0.89,0.91,0.93,0.95","2.11e-06,1.57e-10,8.64e-11,5.89e-11","1,1,1,1",2.62e-06; 5.25e-06; 7.87e-06; 1.05e-05; 1.31e-05; 1.57e-05; 1.84e-05; 2.10e-05; 2.36e-05; 2.62e-05; 2.89e-05; 3.15e-05; 3.41e-05; 3.67e-05; 3.94e-05; 4.20e-05; 4.46e-05; 4.72e-05; 4.99e-05; 5.25e-05; 5.51e-05; 5.77e-05; 6.04e-05; 6.30e-05; 6.56e-05; 6.82e-05; 7.09e-05; 7.35e-05; 7.61e-05; 7.87e-05; 8.14e-05; 8.40e-05; 8.66e-05; 8.92e-05; 9.19e-05; 9.45e-05; 9.71e-05; 9.97e-05; 1.02e-04; 1.05e-04; 1.08e-04; 1.10e-04; 1.13e-04; 1.15e-04; 1.18e-04; 1.21e-04; 1.23e-04; 1.26e-04; 1.29e-04; 1.31e-04; 1.34e-04; 1.36e-04; 1.39e-04; 1.42e-04; 1.44e-04; 1.47e-04; 1.50e-04; 1.52e-04; 1.55e-04; 1.57e-04; 1.60e-04; 1.63e-04; 1.65e-04; 1.68e-04,"32,32,32,32,32,32,32,32,32,32,32,32,32,32,32,32,32,32,32,32,32,32,32,32,32,32,32,32,32,32,32,32,32,32,32,32,32,32,32,32,32,32,32,32,32,32,32,32,32,32,32,32,32,32,32,32,32,32,32,32,32,32,32,32"
1456,0.06,0.03,"0.00,0.00,0.00,0.00,0.01,0.01,0.01,0.01,0.01,0.02,0.02,0.03,0.03,0.04,0.04,0.04,0.05,0.06,0.06,0.07,0.08,0.08,0.09,0.10,0.10,0.11,0.12,0.13,0.14,0.15,0.16,0.17,0.17,0.18,0.19,0.20,0.22,0.23,0.24,0.25,0.26,0.27,0.28,0.29,0.30,0.31,0.32,0.33,0.34,0.36,0.37,0.38,0.39,0.41,0.42,0.43,0.44,0.45,0.46,0.48,0.49,0.50,0.52,0.53","2.94e-06,2.27e-10,6.27e-11,4.53e-11","5,5,5,5",3.64e-06; 7.29e-06; 1.09e-05; 1.46e-05; 1.82e-05; 2.19e-05; 2.55e-05; 2.92e-05; 3.28e-05; 3.64e-05; 4.01e-05; 4.37e-05; 4.74e-05; 5.10e-05; 5.47e-05; 5.83e-05; 6.20e-05; 6.56e-05; 6.92e-05; 7.29e-05; 7.65e-05; 8.02e-05; 8.38e-05; 8.75e-05; 9.11e-05; 9.48e-05; 9.84e-05; 1.02e-04; 1.06e-04; 1.09e-04; 1.13e-04; 1.17e-04; 1.20e-04; 1.24e-04; 1.28e-04; 1.31e-04; 1.35e-04; 1.38e-04; 1.42e-04; 1.46e-04; 1.49e-04; 1.53e-04; 1.57e-04; 1.60e-04; 1.64e-04; 1.68e-04; 1.71e-04; 1.75e-04; 1.79e-04; 1.82e-04; 1.86e-04; 1.90e-04; 1.93e-04; 1.97e-04; 2.00e-04; 2.04e-04; 2.08e-04; 2.11e-04; 2.15e-04; 2.19e-04; 2.22e-04; 2.26e-04; 2.30e-04; 2.33e-04,"41,41,41,41,41,41,41,41,41,41,41,41,41,41,41,41,41,41,41,41,41,41,41,41,41,41,41,41,41,41,41,41,41,41,41,41,41,41,41,41,41,41,41,41,41,41,41,41,41,41,41,41,41,41,41,41,41,41,41,41,41,41,41,41"
1457,1.60,1.56,"0.02,0.08,0.16,0.25,0.36,0.46,0.56,0.66,0.77,0.89,1.02,1.15,1.27,1.39,1.49,1.58,1.67,1.77,1.88,1.99,2.09,2.19,2.27,2.35,2.43,2.52,2.61,2.70,2.79,2.88,2.96,3.04,3.12,3.21,3.29,3.37,3.46,3.54,3.63,3.71,3.78,3.86,3.94,4.02,4.10,4.18,4.26,4.33,4.40,4.48,4.55,4.62,4.70,4.77,4.85,4.92,4.99,5.06,5.13,5.20,5.27,5.34,5.41,5.48","1.77e-04,1.96e-05,5.21e-09,3.01e-09","4,4,4,4","2.43e-04; 4.87e-04; 7.30e-04; 9.74e-04; 1.22e-03; 1.46e-03; 1.70e-03; 1.95e-03; 2.19e-03; 2.43e-03; 2.68e-03; 2.92e-03; 3.16e-03; 3.41e-03; 3.65e-03; 3.89e-03; 4.14e-03; 4.38e-03; 4.63e-03; 4.87e-03; 5.11e-03; 5.36e-03; 5.48e-03,1.16e-04; 5.50e-03,3.42e-04; 5.52e-03,5.64e-04; 5.62e-03,7.09e-04; 5.80e-03,7.70e-04; 5.96e-03,7.25e-04,1.34e-04; 6.05e-03,7.32e-04,2.76e-04; 6.09e-03,8.23e-04,3.91e-04; 6.09e-03,9.78e-04,4.82e-04; 6.07e-03,1.17e-03,5.47e-04; 6.09e-03,1.37e-03,5.78e-04; 6.14e-03,1.46e-03,6.80e-04; 6.17e-03,1.47e-03,8.86e-04; 6.27e-03,1.44e-03,1.06e-03; 6.36e-03,1.42e-03,1.23e-03; 6.41e-03,1.50e-03,1.33e-03; 6.44e-03,1.66e-03,1.39e-03; 6.45e-03,1.81e-03,1.47e-03; 6.49e-03,1.97e-03,1.52e-03; 6.55e-03,2.04e-03,1.64e-03; 6.64e-03,2.05e-03,1.78e-03; 6.74e-03,2.04e-03,1.93e-03; 6.84e-03,2.07e-03,2.04e-03; 6.90e-03,2.15e-03,2.14e-03; 6.95e-03,2.27e-03,2.22e-03; 6.98e-03,2.40e-03,2.31e-03; 7.03e-03,2.53e-03,2.37e-03; 7.10e-03,2.61e-03,2.47e-03; 7.19e-03,2.64e-03,2.59e-03; 7.29e-03,2.72e-03,2.64e-03; 7.39e-03,2.84e-03,2.67e-03; 7.47e-03,2.93e-03,2.75e-03; 7.52e-03,3.01e-03,2.86e-03; 7.56e-03,3.07e-03,3.00e-03; 7.61e-03,3.14e-03,3.13e-03; 7.68e-03,3.22e-03,3.21e-03; 7.78e-03,3.33e-03,3.26e-03; 7.78e-03,3.62e-03,3.21e-03; 7.79e-03,3.88e-03,3.18e-03; 7.87e-03,3.96e-03,3.26e-03; 7.92e-03,4.02e-03,3.39e-03; 7.97e-03,4.08e-03,3.53e-03","40,40,40,40,40,40,40,40,40,40,40,40,40,40,40,40,40,40,40,40,40,40,40,40,40,40,40,40,40,40,40,40,40,40,40,40,40,40,40,40,40,40,40,40,40,40,40,40,40,40,40,40,40,40,40,40,40,40,40,50,50,40,40,40"
1458,4.67,3.96,"0.18,0.55,0.94,1.30,1.62,1.90,2.14,2.34,2.55,2.78,3.01,3.23,3.42,3.59,3.74,3.88,4.03,4.18,4.32,4.46,4.59,4.72,4.83,4.94,5.05,5.16,5.26,5.36,5.46,5.56,5.65,5.73,5.82,5.90,5.98,6.06,6.14,6.22,6.29,6.36,6.43,6.50,6.57,6.64,6.70,6.76,6.83,6.89,6.95,7.01,7.06,7.12,7.18,7.23,7.28,7.34,7.39,7.44,7.49,7.54,7.59,7.64,7.69,7.73","2.12e-03,1.61e-07,9.16e-08,3.90e-08","5,5,5,5","2.64e-03; 5.27e-03; 7.91e-03; 1.05e-02; 1.32e-02; 1.58e-02; 1.85e-02; 2.11e-02; 2.37e-02; 2.63e-02,1.02e-04; 2.90e-02; 3.16e-02; 3.43e-02,6.89e-06; 3.66e-02,3.09e-04; 3.62e-02,3.39e-03; 3.68e-02,5.34e-03; 3.79e-02,6.90e-03; 4.13e-02,6.12e-03; 4.40e-02,6.06e-03; 4.71e-02,5.68e-03; 4.76e-02,7.81e-03; 4.95e-02,8.47e-03; 5.12e-02,9.42e-03; 5.45e-02,8.81e-03; 5.54e-02,1.05e-02; 5.73e-02,1.13e-02; 5.98e-02,1.14e-02; 6.28e-02,1.10e-02; 6.28e-02,1.36e-02; 6.49e-02,1.42e-02; 6.67e-02,1.50e-02; 7.05e-02,1.39e-02; 7.15e-02,1.55e-02; 7.33e-02,1.64e-02; 7.57e-02,1.65e-02; 7.86e-02,1.64e-02; 7.84e-02,1.91e-02; 8.06e-02,1.96e-02; 8.24e-02,2.04e-02; 8.64e-02,1.91e-02; 8.74e-02,2.07e-02; 8.91e-02,2.16e-02; 9.14e-02,2.20e-02; 9.41e-02,2.19e-02; 9.68e-02,2.18e-02; 9.91e-02,2.21e-02; 1.01e-01,2.31e-02; 1.02e-01,2.46e-02; 1.03e-01,2.63e-02; 1.05e-01,2.73e-02; 1.07e-01,2.77e-02; 1.09e-01,2.77e-02; 1.12e-01,2.77e-02; 1.14e-01,2.81e-02; 1.16e-01,2.90e-02; 1.17e-01,3.04e-02; 1.18e-01,3.22e-02; 1.20e-01,3.32e-02; 1.22e-01,3.37e-02; 1.24e-01,3.38e-02; 1.27e-01,3.40e-02; 1.29e-01,3.44e-02; 1.31e-01,3.53e-02; 1.32e-01,3.68e-02","25,25,25,25,25,25,25,25,25,25,25,25,25,25,25,25,25,25,25,25,25,25,25,25,25,25,25,25,25,25,25,25,25,25,25,25,25,25,25,25,25,25,25,25,25,25,25,25,25,25,25,25,25,25,25,25,25,25,25,25,25,25,25,25"
1459,0.48,0.32,"0.00,0.01,0.02,0.04,0.06,0.08,0.10,0.12,0.15,0.18,0.22,0.26,0.30,0.33,0.37,0.40,0.44,0.48,0.52,0.57,0.62,0.66,0.70,0.73,0.77,0.81,0.85,0.90,0.95,0.99,1.03,1.06,1.10,1.13,1.18,1.22,1.27,1.31,1.34,1.37,1.40,1.44,1.48,1.52,1.56,1.60,1.63,1.66,1.69,1.72,1.76,1.80,1.83,1.87,1.90,1.93,1.95,1.98,2.02,2.05,2.09,2.12,2.15,2.17","3.21e-05,2.52e-09,9.72e-10,7.68e-10","0,0,0,0",3.98e-05; 7.96e-05; 1.19e-04; 1.59e-04; 1.99e-04; 2.39e-04; 2.79e-04; 3.19e-04; 3.58e-04; 3.98e-04; 4.38e-04; 4.78e-04; 5.18e-04; 5.57e-04; 5.97e-04; 6.37e-04; 6.77e-04; 7.17e-04; 7.57e-04; 7.96e-04; 8.36e-04; 8.76e-04; 9.16e-04; 9.56e-04; 9.95e-04; 1.04e-03; 1.08e-03; 1.11e-03; 1.15e-03; 1.19e-03; 1.23e-03; 1.27e-03; 1.31e-03; 1.35e-03; 1.39e-03; 1.43e-03; 1.47e-03; 1.51e-03; 1.55e-03; 1.59e-03; 1.63e-03; 1.67e-03; 1.71e-03; 1.75e-03; 1.79e-03; 1.83e-03; 1.87e-03; 1.91e-03; 1.95e-03; 1.99e-03; 2.03e-03; 2.07e-03; 2.11e-03; 2.15e-03; 2.19e-03; 2.23e-03; 2.27e-03; 2.31e-03; 2.35e-03; 2.39e-03; 2.43e-03; 2.47e-03; 2.51e-03; 2.55e-03,"56,56,56,56,56,56,56,58,56,56,56,56,56,56,58,58,56,56,56,56,56,56,58,58,56,56,56,56,56,56,58,58,56,56,56,56,56,56,56,58,56,56,56,56,56,56,56,58,56,58,56,56,56,56,56,58,58,56,56,56,56,56,58,58"
1460,12.90,13.28,"4.18,5.94,6.99,7.88,8.69,9.44,10.12,10.74,11.29,11.73,12.11,12.46,12.80,13.15,13.51,13.87,14.20,14.48,14.72,14.94,15.16,15.39,15.63,15.88,16.12,16.33,16.50,16.66,16.82,16.99,17.18,17.37,17.56,17.72,17.86,17.99,18.11,18.25,18.40,18.56,18.71,18.84,18.95,19.06,19.16,19.28,19.40,19.53,19.67,19.78,19.88,19.97,20.05,20.15,20.26,20.37,20.48,20.58,20.67,20.75,20.82,20.91,21.00,21.10","2.01e-01,1.23e-01,8.58e-06,4.44e-06","1,1,1,1","4.01e-01; 8.03e-01; 1.10e+00,1.07e-01; 1.40e+00,2.06e-01; 1.52e+00,4.87e-01; 1.63e+00,7.80e-01; 1.75e+00,1.06e+00; 1.88e+00,1.33e+00; 2.04e+00,1.57e+00; 2.26e+00,1.75e+00; 2.50e+00,1.92e+00; 2.73e+00,2.08e+00; 2.95e+00,2.26e+00; 3.15e+00,2.47e+00; 3.33e+00,2.69e+00; 3.49e+00,2.93e+00; 3.67e+00,3.16e+00; 3.87e+00,3.35e+00; 4.09e+00,3.54e+00; 4.31e+00,3.72e+00; 4.52e+00,3.90e+00; 4.73e+00,4.10e+00; 4.92e+00,4.31e+00; 5.09e+00,4.54e+00; 5.28e+00,4.76e+00; 5.48e+00,4.96e+00; 5.69e+00,5.15e+00; 5.90e+00,5.33e+00; 6.12e+00,5.52e+00; 6.32e+00,5.72e+00; 6.51e+00,5.93e+00; 6.70e+00,6.14e+00; 6.88e+00,6.36e+00; 7.08e+00,6.56e+00; 7.29e+00,6.76e+00; 7.50e+00,6.94e+00; 7.71e+00,7.14e+00; 7.91e+00,7.33e+00; 8.11e+00,7.54e+00; 8.30e+00,7.75e+00; 8.49e+00,7.97e+00; 8.68e+00,8.17e+00; 8.89e+00,8.36e+00; 9.10e+00,8.56e+00; 9.31e+00,8.75e+00; 9.51e+00,8.95e+00; 9.71e+00,9.15e+00; 9.90e+00,9.36e+00; 1.01e+01,9.58e+00; 1.03e+01,9.78e+00; 1.05e+01,9.97e+00; 1.07e+01,1.02e+01; 1.09e+01,1.04e+01; 1.11e+01,1.06e+01; 1.13e+01,1.08e+01; 1.15e+01,1.10e+01; 1.17e+01,1.12e+01; 1.19e+01,1.14e+01; 1.21e+01,1.16e+01; 1.23e+01,1.18e+01; 1.25e+01,1.20e+01; 1.27e+01,1.22e+01; 1.29e+01,1.24e+01; 1.31e+01,1.26e+01","25,25,25,25,25,25,25,25,25,25,25,25,25,25,25,25,25,25,25,25,25,25,25,25,25,25,25,25,25,25,25,25,25,25,25,25,25,25,25,25,25,25,25,25,25,25,25,25,25,25,25,25,25,25,25,25,25,25,25,25,25,25,25,25"
1461,0.33,0.21,"0.00,0.01,0.01,0.02,0.04,0.05,0.07,0.08,0.10,0.12,0.15,0.17,0.20,0.23,0.26,0.28,0.31,0.34,0.37,0.41,0.44,0.48,0.51,0.53,0.56,0.60,0.64,0.67,0.71,0.74,0.77,0.80,0.83,0.87,0.90,0.94,0.98,1.01,1.04,1.07,1.10,1.13,1.16,1.20,1.23,1.27,1.29,1.32,1.35,1.38,1.41,1.45,1.48,1.52,1.55,1.57,1.60,1.63,1.67,1.70,1.74,1.77,1.80,1.82","2.09e-05,1.73e-09,4.96e-10,3.12e-10","8,8,8,8","2.60e-05; 5.19e-05; 7.79e-05; 1.04e-04; 1.30e-04; 1.56e-04; 1.82e-04; 2.08e-04; 2.34e-04; 2.60e-04; 2.86e-04; 3.12e-04; 3.38e-04; 3.64e-04; 3.90e-04; 4.16e-04; 4.41e-04; 4.67e-04; 4.93e-04; 5.19e-04; 5.45e-04; 5.71e-04; 5.97e-04; 6.23e-04; 6.49e-04; 6.75e-04; 7.01e-04; 7.27e-04; 7.53e-04; 7.79e-04; 8.05e-04; 8.31e-04; 8.57e-04; 8.83e-04; 9.09e-04; 9.35e-04; 9.61e-04; 9.87e-04; 1.01e-03; 1.04e-03; 1.06e-03; 1.09e-03; 1.12e-03; 1.14e-03; 1.17e-03; 1.19e-03; 1.21e-03,8.02e-06; 1.23e-03,1.88e-05; 1.24e-03,3.02e-05; 1.25e-03,4.61e-05; 1.26e-03,6.52e-05; 1.26e-03,8.67e-05; 1.23e-03,1.48e-04; 1.24e-03,1.66e-04; 1.24e-03,1.86e-04; 1.25e-03,2.01e-04; 1.27e-03,2.15e-04; 1.27e-03,2.35e-04; 1.27e-03,2.57e-04; 1.28e-03,2.81e-04; 1.28e-03,3.02e-04; 1.29e-03,3.19e-04; 1.30e-03,3.34e-04; 1.31e-03,3.49e-04","41,41,41,41,41,41,41,41,41,41,41,41,41,41,41,41,41,41,41,41,41,41,41,41,41,41,41,41,41,41,41,41,41,41,41,41,41,41,41,41,41,41,41,41,41,41,41,41,41,41,41,41,41,41,41,41,41,41,41,41,41,41,41,41"
1462,0.02,0.01,"0.00,0.00,0.00,0.00,0.00,0.00,0.00,0.01,0.01,0.01,0.01,0.01,0.02,0.02,0.02,0.02,0.03,0.03,0.03,0.04,0.04,0.04,0.05,0.05,0.05,0.06,0.06,0.07,0.07,0.08,0.08,0.09,0.09,0.10,0.10,0.11,0.12,0.12,0.13,0.13,0.14,0.15,0.15,0.16,0.17,0.17,0.18,0.19,0.19,0.20,0.21,0.21,0.22,0.23,0.24,0.24,0.25,0.26,0.27,0.27,0.28,0.29,0.30,0.30","8.97e-07,6.26e-11,2.18e-11,1.04e-11","13,13,13,13",1.11e-06; 2.23e-06; 3.34e-06; 4.45e-06; 5.57e-06; 6.68e-06; 7.79e-06; 8.91e-06; 1.00e-05; 1.11e-05; 1.22e-05; 1.34e-05; 1.45e-05; 1.56e-05; 1.67e-05; 1.78e-05; 1.89e-05; 2.00e-05; 2.12e-05; 2.23e-05; 2.34e-05; 2.45e-05; 2.56e-05; 2.67e-05; 2.78e-05; 2.89e-05; 3.01e-05; 3.12e-05; 3.23e-05; 3.34e-05; 3.45e-05; 3.56e-05; 3.67e-05; 3.79e-05; 3.90e-05; 4.01e-05; 4.12e-05; 4.23e-05; 4.34e-05; 4.45e-05; 4.57e-05; 4.68e-05; 4.79e-05; 4.90e-05; 5.01e-05; 5.12e-05; 5.23e-05; 5.34e-05; 5.46e-05; 5.57e-05; 5.68e-05; 5.79e-05; 5.90e-05; 6.01e-05; 6.12e-05; 6.24e-05; 6.35e-05; 6.46e-05; 6.57e-05; 6.68e-05; 6.79e-05; 6.90e-05; 7.01e-05; 7.13e-05,"41,41,41,41,41,41,41,41,41,41,41,41,41,41,41,41,41,41,41,41,41,41,41,41,41,41,41,41,41,41,41,41,41,41,41,41,41,41,41,41,41,41,41,41,41,41,41,41,41,41,41,41,41,41,41,41,41,41,41,41,41,41,41,41"
1463,11.64,12.09,"4.18,5.93,6.98,7.66,8.45,9.06,9.62,10.13,10.60,11.00,11.35,11.66,11.96,12.28,12.60,12.91,13.20,13.47,13.69,13.89,14.09,14.30,14.53,14.75,14.97,15.16,15.34,15.49,15.63,15.79,15.96,16.14,16.31,16.47,16.61,16.73,16.85,16.97,17.11,17.26,17.40,17.53,17.64,17.75,17.84,17.95,18.06,18.19,18.31,18.42,18.52,18.61,18.69,18.78,18.88,18.98,19.09,19.19,19.27,19.35,19.42,19.50,19.59,19.68","1.74e-01,5.86e-02,6.56e-06,3.78e-06","4,4,4,4","2.88e-01; 5.77e-01; 8.65e-01; 8.03e-01,3.51e-01; 1.17e+00,2.75e-01; 1.31e+00,4.17e-01; 1.38e+00,6.36e-01; 1.46e+00,8.43e-01; 1.58e+00,1.02e+00; 1.75e+00,1.14e+00; 1.93e+00,1.24e+00; 2.12e+00,1.34e+00; 2.29e+00,1.46e+00; 2.42e+00,1.61e+00; 2.54e+00,1.79e+00; 2.65e+00,1.97e+00; 2.77e+00,2.14e+00; 2.91e+00,2.28e+00; 3.08e+00,2.41e+00; 3.25e+00,2.52e+00; 3.41e+00,2.65e+00; 3.56e+00,2.79e+00; 3.69e+00,2.95e+00; 3.80e+00,3.12e+00; 3.93e+00,3.28e+00; 4.07e+00,3.43e+00; 4.23e+00,3.56e+00; 4.39e+00,3.69e+00; 4.55e+00,3.82e+00; 4.70e+00,3.96e+00; 4.83e+00,4.11e+00; 4.96e+00,4.27e+00; 5.09e+00,4.43e+00; 5.23e+00,4.58e+00; 5.38e+00,4.72e+00; 5.54e+00,4.85e+00; 5.69e+00,4.98e+00; 5.84e+00,5.12e+00; 5.98e+00,5.27e+00; 6.11e+00,5.43e+00; 6.24e+00,5.58e+00; 6.38e+00,5.73e+00; 6.53e+00,5.87e+00; 6.69e+00,6.01e+00; 6.84e+00,6.14e+00; 6.99e+00,6.28e+00; 7.13e+00,6.43e+00; 7.26e+00,6.58e+00; 7.40e+00,6.74e+00; 7.54e+00,6.89e+00; 7.69e+00,7.03e+00; 7.84e+00,7.16e+00; 7.99e+00,7.30e+00; 8.14e+00,7.44e+00; 8.28e+00,7.58e+00; 8.42e+00,7.74e+00; 8.53e+00,7.87e+00,5.25e-02; 8.62e+00,7.96e+00,1.52e-01; 8.75e+00,8.10e+00,1.74e-01; 8.84e+00,8.17e+00,3.05e-01; 8.90e+00,8.21e+00,4.85e-01; 8.97e+00,8.28e+00,6.40e-01; 9.09e+00,8.40e+00,6.77e-01; 9.22e+00,8.54e+00,7.08e-01","25,25,25,25,25,25,25,25,25,25,25,25,25,25,25,25,25,25,25,25,25,25,25,25,25,25,25,25,25,25,25,25,25,25,25,25,25,25,25,25,25,25,25,25,25,25,25,25,25,25,25,25,25,25,25,25,25,25,25,25,25,25,25,25"
1465,0.01,0.00,"0.00,0.00,0.00,0.00,0.00,0.00,0.00,0.00,0.00,0.00,0.00,0.00,0.00,0.01,0.01,0.01,0.01,0.01,0.01,0.01,0.01,0.01,0.01,0.02,0.02,0.02,0.02,0.02,0.02,0.02,0.03,0.03,0.03,0.03,0.03,0.03,0.04,0.04,0.04,0.04,0.04,0.05,0.05,0.05,0.05,0.06,0.06,0.06,0.06,0.06,0.07,0.07,0.07,0.08,0.08,0.08,0.08,0.08,0.09,0.09,0.09,0.10,0.10,0.10","4.96e-07,2.87e-11,1.60e-11,9.79e-12","13,13,13,13",; 1.23e-06; 1.85e-06; 2.46e-06; 3.08e-06; 3.70e-06; 4.31e-06; 4.93e-06; 5.55e-06; 6.16e-06; 6.78e-06; 7.39e-06; 8.01e-06; 8.63e-06; 9.24e-06; 9.86e-06; 1.05e-05; 1.11e-05; 1.17e-05; 1.23e-05; 1.29e-05; 1.36e-05; 1.42e-05; 1.48e-05; 1.54e-05; 1.60e-05; 1.66e-05; 1.73e-05; 1.79e-05; 1.85e-05; 1.91e-05; 1.97e-05; 2.03e-05; 2.09e-05; 2.16e-05; 2.22e-05; 2.28e-05; 2.34e-05; 2.40e-05; 2.46e-05; 2.53e-05; 2.59e-05; 2.65e-05; 2.71e-05; 2.77e-05; 2.83e-05; 2.90e-05; 2.96e-05; 3.02e-05; 3.08e-05; 3.14e-05; 3.20e-05; 3.27e-05; 3.33e-05; 3.39e-05; 3.45e-05; 3.51e-05; 3.57e-05; 3.64e-05; 3.70e-05; 3.76e-05; 3.82e-05; 3.88e-05; 3.94e-05,"32,32,32,32,32,32,32,32,32,32,32,32,32,32,32,32,32,32,32,32,32,32,32,32,32,32,32,32,32,32,32,32,32,32,32,32,32,32,32,32,32,32,32,32,32,32,32,32,32,32,32,32,32,32,32,32,32,32,32,32,32,32,32,32"
1466,1.65,1.74,"0.03,0.10,0.20,0.32,0.44,0.56,0.68,0.79,0.92,1.06,1.20,1.33,1.46,1.58,1.68,1.77,1.87,1.98,2.09,2.20,2.30,2.39,2.48,2.55,2.63,2.72,2.80,2.89,2.97,3.05,3.12,3.18,3.25,3.32,3.39,3.47,3.54,3.60,3.66,3.72,3.78,3.85,3.91,3.97,4.03,4.09,4.15,4.20,4.26,4.32,4.37,4.43,4.48,4.53,4.58,4.63,4.68,4.74,4.79,4.83,4.88,4.93,4.98,5.02","1.67e-04,1.07e-08,5.12e-09,3.77e-09","0,0,0,0","2.07e-04; 4.14e-04; 6.21e-04; 8.28e-04; 1.04e-03; 1.24e-03; 1.45e-03; 1.66e-03; 1.86e-03; 2.07e-03; 2.28e-03; 2.48e-03; 2.69e-03; 2.90e-03; 3.11e-03; 3.31e-03; 3.52e-03; 3.73e-03; 3.93e-03; 4.14e-03; 4.35e-03; 4.56e-03; 4.76e-03; 4.97e-03; 5.18e-03; 5.38e-03; 5.59e-03; 5.80e-03; 6.00e-03; 6.21e-03; 6.37e-03,4.68e-05; 6.46e-03,1.69e-04; 6.54e-03,2.90e-04; 6.69e-03,3.55e-04; 6.88e-03,3.66e-04; 7.09e-03,3.61e-04; 7.28e-03,3.78e-04; 7.16e-03,7.04e-04; 7.24e-03,8.39e-04; 7.30e-03,9.85e-04; 7.37e-03,1.12e-03; 7.50e-03,1.20e-03; 7.66e-03,1.24e-03; 7.85e-03,1.27e-03; 8.01e-03,1.31e-03; 8.13e-03,1.40e-03; 8.21e-03,1.52e-03; 8.29e-03,1.65e-03; 8.37e-03,1.77e-03; 8.50e-03,1.85e-03; 8.67e-03,1.89e-03; 8.84e-03,1.93e-03; 9.00e-03,1.98e-03; 9.12e-03,2.07e-03; 9.21e-03,2.18e-03; 9.28e-03,2.31e-03; 9.38e-03,2.43e-03; 9.50e-03,2.51e-03; 9.67e-03,2.55e-03; 9.84e-03,2.59e-03; 9.98e-03,2.65e-03; 1.01e-02,2.74e-03; 1.02e-02,2.85e-03; 1.03e-02,2.98e-03","40,40,40,40,40,40,40,40,40,40,40,40,40,40,40,40,40,40,40,40,40,40,40,40,40,40,40,40,40,40,40,40,40,40,40,40,40,40,40,40,40,40,40,40,40,40,40,40,40,40,40,40,40,40,40,40,40,40,40,40,40,40,40,40"
1467,1.90,2.02,"0.03,0.11,0.22,0.35,0.47,0.60,0.72,0.83,0.96,1.10,1.25,1.39,1.52,1.63,1.74,1.83,1.93,2.04,2.16,2.27,2.37,2.46,2.54,2.62,2.70,2.78,2.87,2.96,3.04,3.12,3.19,3.25,3.32,3.39,3.47,3.54,3.61,3.67,3.73,3.79,3.85,3.92,3.98,4.04,4.10,4.16,4.21,4.26,4.32,4.38,4.43,4.49,4.54,4.59,4.64,4.69,4.74,4.79,4.84,4.89,4.93,4.98,5.03,5.07","2.13e-04,1.44e-08,7.20e-09,4.17e-09","0,0,0,0","2.64e-04; 5.28e-04; 7.92e-04; 1.06e-03; 1.32e-03; 1.58e-03; 1.85e-03; 2.11e-03; 2.38e-03; 2.64e-03; 2.90e-03; 3.17e-03; 3.43e-03; 3.70e-03; 3.96e-03; 4.22e-03; 4.49e-03; 4.75e-03; 5.02e-03; 5.28e-03; 5.55e-03; 5.81e-03; 6.07e-03; 6.34e-03; 6.60e-03; 6.87e-03; 7.13e-03; 7.39e-03; 7.66e-03; 7.92e-03; 8.10e-03,8.72e-05; 8.24e-03,2.14e-04; 8.39e-03,3.26e-04; 8.27e-03,7.06e-04; 8.49e-03,7.48e-04; 8.73e-03,7.75e-04; 8.94e-03,8.28e-04; 9.08e-03,9.53e-04; 9.18e-03,1.11e-03; 9.28e-03,1.29e-03; 9.40e-03,1.43e-03; 9.56e-03,1.53e-03; 9.77e-03,1.58e-03; 1.00e-02,1.62e-03; 1.02e-02,1.68e-03; 1.08e-02,1.34e-03; 1.05e-02,1.93e-03; 1.06e-02,2.08e-03; 1.07e-02,2.20e-03; 1.09e-02,2.29e-03; 1.16e-02,1.91e-03; 1.18e-02,1.92e-03; 1.20e-02,1.96e-03; 1.22e-02,2.06e-03; 1.23e-02,2.20e-03; 1.24e-02,2.36e-03; 1.26e-02,2.50e-03; 1.27e-02,2.58e-03; 1.30e-02,2.62e-03; 1.32e-02,2.63e-03; 1.34e-02,2.68e-03; 1.36e-02,2.78e-03; 1.37e-02,2.93e-03; 1.38e-02,3.09e-03","41,41,41,41,41,41,41,41,41,41,41,41,41,41,41,41,41,41,41,41,41,41,41,41,41,41,41,41,41,41,41,41,41,41,41,41,41,41,41,41,41,41,41,41,41,41,41,41,41,41,41,41,41,41,41,41,41,41,41,41,41,41,41,41"
1468,1.55,1.17,"0.03,0.10,0.21,0.33,0.46,0.59,0.71,0.82,0.94,1.09,1.23,1.37,1.50,1.61,1.72,1.81,1.91,2.02,2.13,2.24,2.34,2.44,2.52,2.59,2.67,2.76,2.85,2.94,3.02,3.10,3.16,3.23,3.30,3.37,3.44,3.52,3.59,3.65,3.71,3.77,3.83,3.90,3.96,4.02,4.08,4.14,4.20,4.25,4.31,4.36,4.42,4.47,4.53,4.58,4.63,4.68,4.73,4.78,4.83,4.88,4.93,4.97,5.02,5.07","1.52e-04,9.79e-09,3.30e-09,2.31e-09","5,5,5,5","1.88e-04; 3.76e-04; 5.65e-04; 7.53e-04; 9.41e-04; 1.13e-03; 1.32e-03; 1.51e-03; 1.69e-03; 1.88e-03; 2.07e-03; 2.26e-03; 2.45e-03; 2.63e-03; 2.82e-03; 3.01e-03; 3.20e-03; 3.39e-03; 3.58e-03; 3.76e-03; 3.95e-03; 4.14e-03; 4.33e-03; 4.52e-03; 4.70e-03; 4.89e-03; 5.08e-03; 5.27e-03; 5.46e-03; 5.65e-03; 5.81e-03,2.69e-05; 5.87e-03,1.53e-04; 5.96e-03,2.53e-04; 6.10e-03,2.93e-04; 6.07e-03,5.19e-04; 6.24e-03,5.30e-04; 6.40e-03,5.66e-04; 6.52e-03,6.36e-04; 6.59e-03,7.52e-04; 6.61e-03,9.20e-04; 6.68e-03,1.03e-03; 6.81e-03,1.10e-03; 6.96e-03,1.13e-03; 7.12e-03,1.16e-03; 7.28e-03,1.19e-03; 7.40e-03,1.26e-03; 7.48e-03,1.36e-03; 7.53e-03,1.50e-03; 7.62e-03,1.60e-03; 7.74e-03,1.66e-03; 7.90e-03,1.70e-03; 8.05e-03,1.73e-03; 8.20e-03,1.77e-03; 8.33e-03,1.84e-03; 8.42e-03,1.93e-03; 8.48e-03,2.06e-03; 8.57e-03,2.16e-03; 8.70e-03,2.22e-03; 8.85e-03,2.26e-03; 9.00e-03,2.30e-03; 9.14e-03,2.34e-03; 9.27e-03,2.40e-03; 9.36e-03,2.50e-03; 9.42e-03,2.62e-03","33,33,33,33,33,33,33,33,33,33,33,33,33,33,33,33,33,33,33,33,33,33,33,33,33,33,33,33,33,33,33,33,33,33,33,33,33,33,33,33,33,33,33,33,33,33,33,33,33,33,33,33,33,33,33,33,33,33,33,33,33,33,33,33"
1469,0.00,0.00,"0.00,0.00,0.00,0.00,0.00,0.00,0.00,0.00,0.00,0.00,0.00,0.00,0.00,0.00,0.00,0.00,0.00,0.00,0.00,0.00,0.00,0.00,0.00,0.00,0.00,0.00,0.00,0.00,0.00,0.00,0.00,0.00,0.00,0.00,0.00,0.01,0.01,0.01,0.01,0.01,0.01,0.01,0.01,0.01,0.01,0.01,0.01,0.01,0.01,0.01,0.01,0.01,0.01,0.01,0.01,0.01,0.01,0.01,0.01,0.01,0.01,0.01,0.01,0.01","3.74e-07,1.95e-11,9.78e-12,6.93e-12","5,5,5,5",; ; 1.39e-06; 1.86e-06; 2.32e-06; 2.79e-06; 3.25e-06; 3.72e-06; 4.18e-06; 4.64e-06; 5.11e-06; 5.57e-06; 6.04e-06; 6.50e-06; 6.97e-06; 7.43e-06; 7.89e-06; 8.36e-06; 8.82e-06; 9.29e-06; 9.75e-06; 1.02e-05; 1.07e-05; 1.11e-05; 1.16e-05; 1.21e-05; 1.25e-05; 1.30e-05; 1.35e-05; 1.39e-05; 1.44e-05; 1.49e-05; 1.53e-05; 1.58e-05; 1.63e-05; 1.67e-05; 1.72e-05; 1.76e-05; 1.81e-05; 1.86e-05; 1.90e-05; 1.95e-05; 2.00e-05; 2.04e-05; 2.09e-05; 2.14e-05; 2.18e-05; 2.23e-05; 2.28e-05; 2.32e-05; 2.37e-05; 2.41e-05; 2.46e-05; 2.51e-05; 2.55e-05; 2.60e-05; 2.65e-05; 2.69e-05; 2.74e-05; 2.79e-05; 2.83e-05; 2.88e-05; 2.93e-05; 2.97e-05,"24,24,24,24,24,24,24,24,24,24,24,24,24,24,24,24,24,24,24,24,24,24,24,24,24,24,24,24,24,24,24,24,24,24,24,24,24,24,24,24,24,24,24,24,24,24,24,24,24,24,24,24,24,24,24,24,24,24,24,24,24,24,24,24"
1470,1.82,1.75,"0.03,0.12,0.25,0.39,0.54,0.69,0.84,0.97,1.07,1.18,1.28,1.39,1.50,1.60,1.71,1.83,1.97,2.11,2.25,2.39,2.53,2.67,2.81,2.94,3.05,3.18,3.32,3.45,3.58,3.71,3.82,3.93,4.03,4.13,4.25,4.37,4.49,4.61,4.73,4.83,4.93,5.03,5.13,5.23,5.33,5.43,5.52,5.60,5.68,5.77,5.86,5.96,6.06,6.15,6.24,6.32,6.39,6.46,6.54,6.62,6.70,6.78,6.86,6.93","1.98e-04,6.04e-05,1.20e-08,4.42e-09","4,4,4,4","3.20e-04; 6.41e-04; 9.61e-04; 1.28e-03; 1.60e-03; 1.92e-03; 2.24e-03; 2.56e-03; 2.88e-03; 3.20e-03; 3.53e-03; 3.85e-03; 4.17e-03; 4.41e-03,8.16e-05; 4.38e-03,4.23e-04; 4.54e-03,5.88e-04; 4.82e-03,6.28e-04; 5.12e-03,6.53e-04; 5.35e-03,7.43e-04; 5.45e-03,9.56e-04; 5.44e-03,1.29e-03; 5.31e-03,1.74e-03; 5.23e-03,2.14e-03; 5.18e-03,2.52e-03; 5.16e-03,2.85e-03; 5.12e-03,3.22e-03; 5.10e-03,3.55e-03; 5.16e-03,3.81e-03; 5.31e-03,3.98e-03; 5.51e-03,4.10e-03; 5.74e-03,4.20e-03; 5.96e-03,4.30e-03; 6.15e-03,4.43e-03; 6.31e-03,4.58e-03; 6.44e-03,4.77e-03; 6.54e-03,5.00e-03; 6.61e-03,5.25e-03; 6.68e-03,5.50e-03; 6.79e-03,5.71e-03; 6.88e-03,5.94e-03; 6.99e-03,6.15e-03; 7.13e-03,6.33e-03; 7.29e-03,6.49e-03; 7.48e-03,6.63e-03; 7.68e-03,6.74e-03; 7.88e-03,6.86e-03; 8.07e-03,6.99e-03; 8.25e-03,7.13e-03; 8.37e-03,7.33e-03; 8.50e-03,7.53e-03; 8.61e-03,7.74e-03; 8.70e-03,7.97e-03; 8.79e-03,8.20e-03; 8.88e-03,8.43e-03; 8.99e-03,8.64e-03; 9.13e-03,8.82e-03; 9.31e-03,8.96e-03; 9.51e-03,9.08e-03; 9.70e-03,9.20e-03; 9.90e-03,9.33e-03; 1.01e-02,9.46e-03; 1.03e-02,9.61e-03; 1.04e-02,9.77e-03; 1.06e-02,9.94e-03","25,25,25,25,25,25,25,25,41,41,41,41,41,41,25,25,25,25,25,25,25,25,25,25,25,25,25,25,25,25,25,25,25,25,25,25,25,25,25,25,25,25,25,25,25,25,25,25,25,25,25,25,25,25,25,25,25,25,25,25,25,25,25,25"
1471,2.83,2.73,"0.12,0.41,0.74,1.06,1.36,1.62,1.85,2.06,2.22,2.45,2.73,3.01,3.26,3.48,3.68,3.86,4.05,4.26,4.47,4.69,4.90,5.10,5.29,5.46,5.64,5.83,6.02,6.20,6.37,6.53,6.68,6.82,6.96,7.11,7.26,7.41,7.56,7.71,7.85,7.98,8.11,8.24,8.37,8.49,8.61,8.73,8.85,8.96,9.07,9.19,9.30,9.42,9.53,9.65,9.76,9.86,9.96,10.06,10.16,10.25,10.35,10.45,10.54,10.64","3.10e-04,2.06e-04,1.67e-08,1.30e-08","4,4,4,4","6.41e-04; 1.28e-03; 1.92e-03; 2.56e-03; 3.20e-03; 3.84e-03; 4.48e-03; 4.74e-03,3.84e-04; 4.91e-03,8.51e-04; 4.66e-03,1.74e-03; 4.55e-03,2.49e-03; 4.72e-03,2.96e-03; 5.05e-03,3.27e-03; 5.45e-03,3.52e-03; 5.84e-03,3.76e-03; 6.19e-03,4.06e-03; 6.24e-03,4.10e-03,5.44e-04; 6.43e-03,4.34e-03,7.62e-04; 6.71e-03,4.67e-03,7.83e-04; 7.01e-03,5.02e-03,7.78e-04; 7.28e-03,5.33e-03,8.42e-04; 7.50e-03,5.61e-03,9.79e-04; 7.69e-03,5.88e-03,1.16e-03; 7.86e-03,6.13e-03,1.38e-03; 7.98e-03,6.32e-03,1.70e-03; 8.19e-03,6.63e-03,1.83e-03; 8.48e-03,6.96e-03,1.86e-03; 8.78e-03,7.24e-03,1.91e-03; 9.04e-03,7.45e-03,2.08e-03; 9.27e-03,7.60e-03,2.34e-03; 9.46e-03,7.75e-03,2.65e-03; 9.63e-03,7.90e-03,2.96e-03; 9.78e-03,8.07e-03,3.29e-03; 9.98e-03,8.30e-03,3.49e-03; 1.02e-02,8.59e-03,3.59e-03; 1.05e-02,8.90e-03,3.64e-03; 1.08e-02,9.19e-03,3.73e-03; 1.10e-02,9.42e-03,3.89e-03; 1.12e-02,9.62e-03,4.13e-03; 1.14e-02,9.80e-03,4.40e-03; 1.16e-02,9.99e-03,4.66e-03; 1.18e-02,1.02e-02,4.82e-03; 1.21e-02,1.05e-02,4.92e-03; 1.24e-02,1.08e-02,5.00e-03; 1.27e-02,1.10e-02,5.14e-03; 1.29e-02,1.13e-02,5.33e-03; 1.31e-02,1.15e-02,5.56e-03; 1.33e-02,1.17e-02,5.83e-03; 1.34e-02,1.18e-02,6.11e-03; 1.37e-02,1.20e-02,6.33e-03; 1.39e-02,1.23e-02,6.46e-03; 1.42e-02,1.26e-02,6.56e-03; 1.45e-02,1.28e-02,6.68e-03; 1.47e-02,1.30e-02,6.88e-03; 1.49e-02,1.32e-02,7.13e-03; 1.51e-02,1.33e-02,7.43e-03; 1.53e-02,1.35e-02,7.68e-03; 1.55e-02,1.38e-02,7.86e-03; 1.58e-02,1.40e-02,7.99e-03; 1.60e-02,1.43e-02,8.10e-03; 1.63e-02,1.46e-02,8.23e-03; 1.65e-02,1.48e-02,8.41e-03; 1.67e-02,1.50e-02,8.63e-03; 1.69e-02,1.52e-02,8.88e-03","32,32,32,32,32,32,32,32,32,32,32,32,32,32,32,32,32,32,32,32,32,32,32,32,32,32,32,32,32,32,32,32,32,32,32,32,32,32,32,32,32,32,32,32,32,32,32,32,32,32,32,32,32,32,32,32,32,32,32,32,32,32,32,32"
1472,3.66,3.70,"0.16,0.52,0.94,1.34,1.71,2.04,2.34,2.62,2.84,3.07,3.29,3.52,3.77,4.03,4.30,4.57,4.78,5.02,5.28,5.54,5.78,6.01,6.22,6.41,6.59,6.78,6.97,7.16,7.33,7.50,7.65,7.79,7.93,8.07,8.21,8.35,8.49,8.62,8.76,8.89,9.02,9.15,9.28,9.40,9.53,9.65,9.78,9.90,10.01,10.13,10.24,10.35,10.47,10.58,10.68,10.79,10.89,10.99,11.08,11.18,11.27,11.36,11.46,11.56","5.17e-04,3.54e-04,4.74e-08,1.98e-08","0,0,0,0","1.08e-03; 2.16e-03; 3.25e-03; 4.33e-03; 5.41e-03; 6.49e-03; 7.58e-03; 8.66e-03; 9.71e-03,3.21e-05; 1.05e-02,3.31e-04; 1.12e-02,6.76e-04; 1.14e-02,1.55e-03; 1.14e-02,2.71e-03; 1.12e-02,3.92e-03; 1.13e-02,4.94e-03; 1.14e-02,5.91e-03; 1.18e-02,6.64e-03; 1.20e-02,7.50e-03; 1.22e-02,8.36e-03; 1.25e-02,9.19e-03; 1.28e-02,9.96e-03; 1.31e-02,1.07e-02; 1.35e-02,1.14e-02; 1.39e-02,1.21e-02; 1.43e-02,1.27e-02; 1.48e-02,1.34e-02; 1.52e-02,1.40e-02; 1.56e-02,1.47e-02; 1.61e-02,1.52e-02; 1.67e-02,1.58e-02; 1.73e-02,1.63e-02; 1.71e-02,1.62e-02,1.33e-03; 1.73e-02,1.62e-02,2.15e-03; 1.77e-02,1.65e-02,2.66e-03; 1.87e-02,1.73e-02,1.83e-03; 1.93e-02,1.78e-02,1.81e-03; 1.99e-02,1.83e-02,1.85e-03; 2.04e-02,1.87e-02,2.10e-03; 2.07e-02,1.89e-02,2.62e-03; 2.09e-02,1.90e-02,3.41e-03; 2.11e-02,1.92e-02,4.07e-03; 2.15e-02,1.95e-02,4.52e-03; 2.19e-02,1.99e-02,4.76e-03; 2.23e-02,2.04e-02,4.86e-03; 2.28e-02,2.09e-02,4.97e-03; 2.27e-02,2.10e-02,6.05e-03; 2.31e-02,2.15e-02,6.27e-03; 2.35e-02,2.18e-02,6.65e-03; 2.38e-02,2.22e-02,7.04e-03; 2.42e-02,2.26e-02,7.32e-03; 2.46e-02,2.31e-02,7.47e-03; 2.50e-02,2.37e-02,7.57e-03; 2.54e-02,2.42e-02,7.71e-03; 2.58e-02,2.47e-02,7.90e-03; 2.62e-02,2.51e-02,8.21e-03; 2.65e-02,2.55e-02,8.66e-03; 2.68e-02,2.58e-02,9.11e-03; 2.71e-02,2.61e-02,9.40e-03,9.48e-05; 2.75e-02,2.65e-02,9.52e-03,3.96e-04; 2.79e-02,2.69e-02,9.59e-03,5.83e-04; 2.82e-02,2.73e-02,9.72e-03,7.89e-04; 2.86e-02,2.76e-02,9.92e-03,9.01e-04; 2.90e-02,2.79e-02,1.03e-02,1.00e-03; 2.93e-02,2.82e-02,1.08e-02,9.10e-04","32,32,32,32,32,32,32,32,32,32,32,32,32,32,32,32,32,32,32,32,32,32,32,32,32,32,32,32,32,32,32,32,32,32,32,32,32,32,32,32,32,32,32,32,32,32,32,32,32,32,32,32,32,32,32,32,32,32,32,32,32,32,32,32"
1473,1.69,1.46,"0.02,0.09,0.18,0.30,0.42,0.55,0.68,0.80,0.92,1.06,1.19,1.32,1.45,1.57,1.68,1.77,1.87,1.98,2.08,2.18,2.28,2.38,2.46,2.54,2.62,2.70,2.78,2.86,2.94,3.02,3.09,3.15,3.22,3.28,3.35,3.42,3.49,3.55,3.61,3.66,3.71,3.77,3.83,3.89,3.94,4.00,4.05,4.09,4.14,4.19,4.24,4.29,4.34,4.38,4.43,4.47,4.51,4.55,4.59,4.64,4.68,4.72,4.76,4.80","1.83e-04,8.63e-09,6.06e-09,3.13e-09","8,8,8,8",2.27e-04; 4.55e-04; 6.82e-04; 9.09e-04; 1.14e-03; 1.36e-03; 1.59e-03; 1.82e-03; 2.05e-03; 2.27e-03; 2.50e-03; 2.73e-03; 2.96e-03; 3.18e-03; 3.41e-03; 3.64e-03; 3.86e-03; 4.09e-03; 4.32e-03; 4.55e-03; 4.77e-03; 5.00e-03; 5.23e-03; 5.46e-03; 5.68e-03; 5.91e-03; 6.14e-03; 6.36e-03; 6.59e-03; 6.82e-03; 7.05e-03; 7.27e-03; 7.50e-03; 7.73e-03; 7.96e-03; 8.18e-03; 8.41e-03; 8.64e-03; 8.87e-03; 9.09e-03; 9.32e-03; 9.55e-03; 9.77e-03; 1.00e-02; 1.02e-02; 1.05e-02; 1.07e-02; 1.09e-02; 1.11e-02; 1.14e-02; 1.16e-02; 1.18e-02; 1.20e-02; 1.23e-02; 1.25e-02; 1.27e-02; 1.30e-02; 1.32e-02; 1.34e-02; 1.36e-02; 1.39e-02; 1.41e-02; 1.43e-02; 1.45e-02,"32,32,32,32,32,32,32,32,32,32,32,32,32,32,32,32,32,32,32,32,32,32,32,32,32,32,32,32,32,32,32,32,32,32,32,32,32,32,32,32,32,32,32,32,32,32,32,32,32,32,32,32,32,32,32,32,32,32,32,32,32,32,32,32"
1474,0.10,0.06,"0.00,0.00,0.01,0.01,0.02,0.02,0.03,0.03,0.04,0.05,0.06,0.08,0.09,0.10,0.12,0.13,0.14,0.16,0.18,0.20,0.21,0.23,0.25,0.27,0.29,0.31,0.33,0.35,0.37,0.39,0.41,0.43,0.45,0.47,0.49,0.52,0.54,0.57,0.59,0.61,0.63,0.65,0.67,0.70,0.72,0.74,0.77,0.79,0.81,0.83,0.85,0.87,0.90,0.92,0.95,0.97,0.99,1.01,1.03,1.05,1.07,1.10,1.12,1.14","6.59e-06,4.35e-10,1.85e-10,1.01e-10","0,0,0,0",8.18e-06; 1.64e-05; 2.45e-05; 3.27e-05; 4.09e-05; 4.91e-05; 5.72e-05; 6.54e-05; 7.36e-05; 8.18e-05; 8.99e-05; 9.81e-05; 1.06e-04; 1.14e-04; 1.23e-04; 1.31e-04; 1.39e-04; 1.47e-04; 1.55e-04; 1.64e-04; 1.72e-04; 1.80e-04; 1.88e-04; 1.96e-04; 2.04e-04; 2.13e-04; 2.21e-04; 2.29e-04; 2.37e-04; 2.45e-04; 2.53e-04; 2.62e-04; 2.70e-04; 2.78e-04; 2.86e-04; 2.94e-04; 3.03e-04; 3.11e-04; 3.19e-04; 3.27e-04; 3.35e-04; 3.43e-04; 3.52e-04; 3.60e-04; 3.68e-04; 3.76e-04; 3.84e-04; 3.92e-04; 4.01e-04; 4.09e-04; 4.17e-04; 4.25e-04; 4.33e-04; 4.42e-04; 4.50e-04; 4.58e-04; 4.66e-04; 4.74e-04; 4.82e-04; 4.91e-04; 4.99e-04; 5.07e-04; 5.15e-04; 5.23e-04,"25,25,25,25,25,25,25,25,25,25,25,25,25,25,25,25,25,25,25,25,25,25,25,25,25,25,25,25,25,25,25,25,25,25,25,25,25,25,25,25,25,25,25,25,25,25,25,25,25,25,25,25,25,25,25,25,25,25,25,25,25,25,25,25"
1475,0.02,0.01,"0.00,0.00,0.00,0.00,0.00,0.00,0.00,0.01,0.01,0.01,0.01,0.01,0.01,0.01,0.02,0.02,0.02,0.02,0.03,0.03,0.03,0.04,0.04,0.04,0.05,0.05,0.05,0.06,0.06,0.07,0.07,0.07,0.08,0.08,0.09,0.09,0.10,0.10,0.11,0.11,0.12,0.12,0.13,0.13,0.14,0.14,0.15,0.16,0.16,0.17,0.17,0.18,0.19,0.19,0.20,0.20,0.21,0.22,0.22,0.23,0.24,0.24,0.25,0.26","9.53e-07,4.01e-11,2.72e-11,8.50e-12","5,5,5,5",1.18e-06; 2.36e-06; 3.55e-06; 4.73e-06; 5.91e-06; 7.10e-06; 8.28e-06; 9.46e-06; 1.06e-05; 1.18e-05; 1.30e-05; 1.42e-05; 1.54e-05; 1.66e-05; 1.77e-05; 1.89e-05; 2.01e-05; 2.13e-05; 2.25e-05; 2.37e-05; 2.48e-05; 2.60e-05; 2.72e-05; 2.84e-05; 2.96e-05; 3.07e-05; 3.19e-05; 3.31e-05; 3.43e-05; 3.55e-05; 3.67e-05; 3.78e-05; 3.90e-05; 4.02e-05; 4.14e-05; 4.26e-05; 4.38e-05; 4.49e-05; 4.61e-05; 4.73e-05; 4.85e-05; 4.97e-05; 5.08e-05; 5.20e-05; 5.32e-05; 5.44e-05; 5.56e-05; 5.68e-05; 5.79e-05; 5.91e-05; 6.03e-05; 6.15e-05; 6.27e-05; 6.39e-05; 6.50e-05; 6.62e-05; 6.74e-05; 6.86e-05; 6.98e-05; 7.09e-05; 7.21e-05; 7.33e-05; 7.45e-05; 7.57e-05,"32,32,32,32,32,32,32,32,32,32,32,32,32,32,32,32,32,32,32,32,32,32,32,32,32,32,32,32,32,32,32,32,32,32,32,32,32,32,32,32,32,32,32,32,32,32,32,32,32,32,32,32,32,32,32,32,32,32,32,32,32,32,32,32"
1476,0.03,0.03,"0.00,0.00,0.00,0.00,0.01,0.01,0.01,0.01,0.02,0.02,0.02,0.03,0.03,0.04,0.04,0.05,0.05,0.06,0.07,0.08,0.08,0.09,0.10,0.11,0.11,0.12,0.13,0.14,0.15,0.16,0.17,0.18,0.19,0.20,0.21,0.22,0.23,0.24,0.25,0.26,0.27,0.28,0.29,0.31,0.32,0.33,0.35,0.36,0.36,0.37,0.39,0.40,0.42,0.43,0.44,0.45,0.46,0.47,0.48,0.50,0.51,0.53,0.54,0.55","1.91e-06,8.89e-11,5.36e-11,3.89e-11","4,4,4,4",2.37e-06; 4.74e-06; 7.11e-06; 9.48e-06; 1.18e-05; 1.42e-05; 1.66e-05; 1.90e-05; 2.13e-05; 2.37e-05; 2.61e-05; 2.84e-05; 3.08e-05; 3.32e-05; 3.55e-05; 3.79e-05; 4.03e-05; 4.27e-05; 4.50e-05; 4.74e-05; 4.98e-05; 5.21e-05; 5.45e-05; 5.69e-05; 5.92e-05; 6.16e-05; 6.40e-05; 6.63e-05; 6.87e-05; 7.11e-05; 7.35e-05; 7.58e-05; 7.82e-05; 8.06e-05; 8.29e-05; 8.53e-05; 8.77e-05; 9.00e-05; 9.24e-05; 9.48e-05; 9.71e-05; 9.95e-05; 1.02e-04; 1.04e-04; 1.07e-04; 1.09e-04; 1.11e-04; 1.14e-04; 1.16e-04; 1.18e-04; 1.21e-04; 1.23e-04; 1.26e-04; 1.28e-04; 1.30e-04; 1.33e-04; 1.35e-04; 1.37e-04; 1.40e-04; 1.42e-04; 1.45e-04; 1.47e-04; 1.49e-04; 1.52e-04,"32,32,32,32,32,32,32,32,32,32,32,32,32,32,32,32,32,32,32,32,32,32,32,32,32,32,32,32,32,32,32,32,32,32,32,32,32,32,32,32,32,32,32,32,32,32,32,32,32,32,32,32,32,32,32,32,32,32,32,32,32,32,32,32"
1477,0.02,0.02,"0.00,0.00,0.00,0.00,0.00,0.01,0.01,0.01,0.01,0.02,0.02,0.02,0.03,0.03,0.03,0.04,0.04,0.05,0.05,0.06,0.07,0.07,0.08,0.08,0.09,0.10,0.10,0.11,0.12,0.13,0.14,0.14,0.15,0.16,0.17,0.18,0.19,0.20,0.20,0.21,0.22,0.23,0.24,0.25,0.26,0.27,0.28,0.29,0.30,0.31,0.32,0.33,0.34,0.35,0.36,0.37,0.38,0.39,0.40,0.41,0.43,0.44,0.45,0.46","1.14e-06,8.39e-11,4.39e-11,3.13e-11","0,0,0,0",1.41e-06; 2.83e-06; 4.24e-06; 5.66e-06; 7.07e-06; 8.49e-06; 9.90e-06; 1.13e-05; 1.27e-05; 1.41e-05; 1.56e-05; 1.70e-05; 1.84e-05; 1.98e-05; 2.12e-05; 2.26e-05; 2.40e-05; 2.55e-05; 2.69e-05; 2.83e-05; 2.97e-05; 3.11e-05; 3.25e-05; 3.39e-05; 3.54e-05; 3.68e-05; 3.82e-05; 3.96e-05; 4.10e-05; 4.24e-05; 4.38e-05; 4.53e-05; 4.67e-05; 4.81e-05; 4.95e-05; 5.09e-05; 5.23e-05; 5.37e-05; 5.52e-05; 5.66e-05; 5.80e-05; 5.94e-05; 6.08e-05; 6.22e-05; 6.36e-05; 6.51e-05; 6.65e-05; 6.79e-05; 6.93e-05; 7.07e-05; 7.21e-05; 7.35e-05; 7.50e-05; 7.64e-05; 7.78e-05; 7.92e-05; 8.06e-05; 8.20e-05; 8.34e-05; 8.49e-05; 8.63e-05; 8.77e-05; 8.91e-05; 9.05e-05,"25,25,25,25,25,25,25,25,25,25,25,25,25,25,25,25,25,25,25,25,25,25,25,25,25,25,25,25,25,25,25,25,25,25,25,25,25,25,25,25,25,25,25,25,25,25,25,25,25,25,25,25,25,25,25,25,25,25,25,25,25,25,25,25"
1478,0.01,0.00,"0.00,0.00,0.00,0.00,0.00,0.00,0.00,0.00,0.00,0.00,0.00,0.00,0.00,0.00,0.00,0.01,0.01,0.01,0.01,0.01,0.01,0.01,0.01,0.01,0.01,0.01,0.02,0.02,0.02,0.02,0.02,0.02,0.02,0.02,0.03,0.03,0.03,0.03,0.03,0.03,0.03,0.04,0.04,0.04,0.04,0.04,0.05,0.05,0.05,0.05,0.05,0.06,0.06,0.06,0.06,0.06,0.07,0.07,0.07,0.07,0.08,0.08,0.08,0.08","4.02e-07,2.01e-11,1.34e-11,5.99e-12","5,5,5,5",; ; 1.50e-06; 2.00e-06; 2.50e-06; 2.99e-06; 3.49e-06; 3.99e-06; 4.49e-06; 4.99e-06; 5.49e-06; 5.99e-06; 6.49e-06; 6.99e-06; 7.49e-06; 7.98e-06; 8.48e-06; 8.98e-06; 9.48e-06; 9.98e-06; 1.05e-05; 1.10e-05; 1.15e-05; 1.20e-05; 1.25e-05; 1.30e-05; 1.35e-05; 1.40e-05; 1.45e-05; 1.50e-05; 1.55e-05; 1.60e-05; 1.65e-05; 1.70e-05; 1.75e-05; 1.80e-05; 1.85e-05; 1.90e-05; 1.95e-05; 2.00e-05; 2.05e-05; 2.10e-05; 2.15e-05; 2.20e-05; 2.25e-05; 2.30e-05; 2.35e-05; 2.40e-05; 2.45e-05; 2.50e-05; 2.55e-05; 2.60e-05; 2.64e-05; 2.69e-05; 2.74e-05; 2.79e-05; 2.84e-05; 2.89e-05; 2.94e-05; 2.99e-05; 3.04e-05; 3.09e-05; 3.14e-05; 3.19e-05,"31,25,25,25,25,25,25,25,25,25,25,25,25,25,25,25,25,25,25,25,25,25,25,25,25,25,25,25,25,25,25,25,25,25,25,25,25,25,25,25,25,25,25,25,25,25,25,25,25,25,25,25,25,25,25,25,25,25,25,25,25,25,25,25"
1479,0.92,0.48,"0.01,0.02,0.05,0.08,0.11,0.15,0.19,0.24,0.28,0.33,0.39,0.46,0.53,0.59,0.65,0.70,0.75,0.81,0.87,0.94,1.01,1.07,1.13,1.18,1.22,1.27,1.33,1.39,1.46,1.52,1.57,1.62,1.66,1.70,1.75,1.81,1.86,1.91,1.96,2.01,2.04,2.08,2.13,2.18,2.23,2.27,2.32,2.36,2.40,2.43,2.48,2.52,2.56,2.61,2.65,2.69,2.73,2.76,2.80,2.84,2.88,2.92,2.96,3.00","7.10e-05,3.54e-09,2.56e-09,1.27e-09","5,5,5,5","8.82e-05; 1.76e-04; 2.65e-04; 3.53e-04; 4.41e-04; 5.29e-04; 6.17e-04; 7.05e-04; 7.94e-04; 8.82e-04; 9.70e-04; 1.06e-03; 1.15e-03; 1.23e-03; 1.32e-03; 1.41e-03; 1.50e-03; 1.59e-03; 1.68e-03; 1.76e-03; 1.85e-03; 1.94e-03; 2.03e-03; 2.12e-03; 2.20e-03; 2.29e-03; 2.38e-03; 2.47e-03; 2.56e-03; 2.65e-03; 2.73e-03; 2.82e-03; 2.91e-03; 3.00e-03; 3.09e-03; 3.17e-03; 3.26e-03; 3.35e-03; 3.44e-03; 3.53e-03; 3.57e-03,4.25e-05; 3.58e-03,1.25e-04; 3.64e-03,1.55e-04; 3.73e-03,1.53e-04; 3.82e-03,1.46e-04; 3.89e-03,1.62e-04; 3.94e-03,2.08e-04; 3.96e-03,2.76e-04; 3.93e-03,3.88e-04; 3.94e-03,4.67e-04; 3.99e-03,5.03e-04; 4.08e-03,5.06e-04; 4.17e-03,5.03e-04; 4.24e-03,5.18e-04; 4.29e-03,5.59e-04; 4.32e-03,6.23e-04; 4.30e-03,7.29e-04; 4.31e-03,8.08e-04; 4.36e-03,8.47e-04; 4.44e-03,8.56e-04; 4.52e-03,8.55e-04; 4.60e-03,8.71e-04; 4.64e-03,9.11e-04; 4.68e-03,9.68e-04","17,17,17,17,17,17,17,17,17,17,17,17,17,17,17,17,17,17,17,17,17,17,17,17,17,17,17,17,17,17,17,17,17,17,17,17,17,17,17,17,17,17,17,17,17,17,17,17,17,17,17,17,17,17,17,17,17,17,17,17,17,17,17,17"
1480,0.00,0.00,"0.00,0.00,0.00,0.00,0.00,0.00,0.00,0.00,0.00,0.00,0.00,0.00,0.00,0.00,0.00,0.00,0.00,0.01,0.01,0.01,0.01,0.01,0.01,0.01,0.01,0.01,0.01,0.01,0.01,0.01,0.02,0.02,0.02,0.02,0.02,0.02,0.02,0.02,0.02,0.02,0.03,0.03,0.03,0.03,0.03,0.03,0.03,0.04,0.04,0.04,0.04,0.04,0.04,0.05,0.05,0.05,0.05,0.05,0.05,0.06,0.06,0.06,0.06,0.06","1.83e-07,9.47e-12,3.98e-12,3.30e-12","9,9,9,9",; ; ; ; 1.14e-06; 1.37e-06; 1.59e-06; 1.82e-06; 2.05e-06; 2.28e-06; 2.50e-06; 2.73e-06; 2.96e-06; 3.19e-06; 3.41e-06; 3.64e-06; 3.87e-06; 4.10e-06; 4.32e-06; 4.55e-06; 4.78e-06; 5.01e-06; 5.23e-06; 5.46e-06; 5.69e-06; 5.92e-06; 6.15e-06; 6.37e-06; 6.60e-06; 6.83e-06; 7.06e-06; 7.28e-06; 7.51e-06; 7.74e-06; 7.97e-06; 8.19e-06; 8.42e-06; 8.65e-06; 8.88e-06; 9.10e-06; 9.33e-06; 9.56e-06; 9.79e-06; 1.00e-05; 1.02e-05; 1.05e-05; 1.07e-05; 1.09e-05; 1.12e-05; 1.14e-05; 1.16e-05; 1.18e-05; 1.21e-05; 1.23e-05; 1.25e-05; 1.27e-05; 1.30e-05; 1.32e-05; 1.34e-05; 1.37e-05; 1.39e-05; 1.41e-05; 1.43e-05; 1.46e-05,"31,31,31,31,31,31,31,31,31,31,31,31,31,31,31,31,31,31,31,31,31,31,31,31,31,31,31,31,31,31,31,31,31,31,31,31,31,31,31,31,31,31,31,31,31,31,31,31,31,31,31,31,31,31,31,31,31,31,31,31,31,31,31,31"
1486,0.50,0.30,"0.00,0.00,0.01,0.01,0.02,0.02,0.02,0.03,0.04,0.05,0.06,0.06,0.07,0.08,0.09,0.10,0.11,0.12,0.13,0.14,0.16,0.17,0.18,0.19,0.21,0.22,0.23,0.25,0.26,0.28,0.29,0.31,0.32,0.33,0.35,0.36,0.38,0.39,0.41,0.42,0.43,0.45,0.47,0.49,0.51,0.52,0.54,0.55,0.57,0.58,0.60,0.62,0.64,0.66,0.68,0.69,0.71,0.72,0.74,0.76,0.78,0.80,0.82,0.83","2.84e-05,1.49e-09,6.09e-10,2.36e-10","1,1,1,1",3.52e-05; 7.04e-05; 1.06e-04; 1.41e-04; 1.76e-04; 2.11e-04; 2.46e-04; 2.82e-04; 3.17e-04; 3.52e-04; 3.87e-04; 4.22e-04; 4.57e-04; 4.93e-04; 5.28e-04; 5.63e-04; 5.98e-04; 6.33e-04; 6.69e-04; 7.04e-04; 7.39e-04; 7.74e-04; 8.09e-04; 8.45e-04; 8.80e-04; 9.15e-04; 9.50e-04; 9.85e-04; 1.02e-03; 1.06e-03; 1.09e-03; 1.13e-03; 1.16e-03; 1.20e-03; 1.23e-03; 1.27e-03; 1.30e-03; 1.34e-03; 1.37e-03; 1.41e-03; 1.44e-03; 1.48e-03; 1.51e-03; 1.55e-03; 1.58e-03; 1.62e-03; 1.65e-03; 1.69e-03; 1.72e-03; 1.76e-03; 1.79e-03; 1.83e-03; 1.87e-03; 1.90e-03; 1.94e-03; 1.97e-03; 2.01e-03; 2.04e-03; 2.08e-03; 2.11e-03; 2.15e-03; 2.18e-03; 2.22e-03; 2.25e-03,"38,38,38,38,22,22,22,22,38,38,38,22,22,22,22,22,22,22,22,22,22,22,22,22,22,22,22,22,22,22,22,22,22,22,22,22,22,22,22,22,22,22,22,22,22,22,22,22,22,22,22,22,22,22,22,22,22,22,22,22,22,22,22,22"
1487,2.47,1.76,"0.03,0.10,0.20,0.31,0.44,0.56,0.68,0.79,0.91,1.04,1.18,1.32,1.45,1.56,1.67,1.76,1.86,1.96,2.07,2.18,2.28,2.37,2.46,2.53,2.60,2.69,2.77,2.86,2.94,3.02,3.09,3.15,3.21,3.28,3.35,3.42,3.49,3.56,3.62,3.67,3.73,3.79,3.85,3.91,3.97,4.02,4.08,4.13,4.18,4.23,4.28,4.33,4.38,4.43,4.48,4.53,4.57,4.62,4.66,4.71,4.75,4.80,4.84,4.88","3.51e-04,1.95e-08,1.21e-08,7.72e-09","5,5,5,5","4.35e-04; 8.70e-04; 1.31e-03; 1.74e-03; 2.18e-03; 2.61e-03; 3.05e-03; 3.48e-03; 3.92e-03; 4.35e-03; 4.79e-03; 5.22e-03; 5.66e-03; 6.09e-03; 6.53e-03; 6.96e-03; 7.40e-03; 7.83e-03; 8.27e-03; 8.70e-03; 9.14e-03; 9.57e-03; 1.00e-02; 1.04e-02; 1.09e-02; 1.13e-02; 1.17e-02; 1.22e-02; 1.26e-02; 1.31e-02; 1.34e-02,1.07e-04; 1.36e-02,3.11e-04; 1.38e-02,5.23e-04; 1.42e-02,6.24e-04; 1.40e-02,1.19e-03; 1.45e-02,1.21e-03; 1.48e-02,1.27e-03; 1.51e-02,1.42e-03; 1.53e-02,1.67e-03; 1.55e-02,1.94e-03; 1.56e-02,2.20e-03; 1.59e-02,2.36e-03; 1.63e-02,2.45e-03; 1.67e-02,2.50e-03; 1.70e-02,2.57e-03; 1.81e-02,1.87e-03; 1.84e-02,2.07e-03; 1.86e-02,2.33e-03; 1.88e-02,2.56e-03; 1.91e-02,2.70e-03; 1.95e-02,2.72e-03; 1.99e-02,2.69e-03; 2.04e-02,2.68e-03; 2.07e-02,2.78e-03; 2.10e-02,2.97e-03; 2.11e-02,3.22e-03; 2.14e-02,3.45e-03; 2.17e-02,3.58e-03; 2.21e-02,3.60e-03; 2.25e-02,3.57e-03; 2.30e-02,3.58e-03; 2.33e-02,3.67e-03; 2.36e-02,3.86e-03; 2.37e-02,4.12e-03","33,33,33,33,33,33,33,33,33,33,33,33,33,33,33,33,33,33,33,33,33,33,33,33,33,33,33,33,33,33,33,33,33,33,33,33,33,33,33,33,33,33,33,33,33,33,33,33,33,33,33,33,33,33,33,33,33,33,33,33,33,33,33,33"
1488,0.51,0.17,"0.00,0.00,0.01,0.01,0.01,0.02,0.02,0.03,0.03,0.04,0.05,0.05,0.06,0.07,0.08,0.08,0.09,0.10,0.11,0.13,0.14,0.15,0.16,0.17,0.18,0.20,0.21,0.23,0.24,0.26,0.27,0.28,0.29,0.31,0.32,0.34,0.35,0.37,0.38,0.39,0.41,0.43,0.45,0.46,0.48,0.50,0.51,0.53,0.54,0.56,0.57,0.59,0.61,0.63,0.64,0.65,0.67,0.69,0.71,0.73,0.74,0.76,0.78,0.79","2.81e-05,1.81e-09,6.87e-10,4.09e-10","3,3,3,3",3.48e-05; 6.96e-05; 1.04e-04; 1.39e-04; 1.74e-04; 2.09e-04; 2.44e-04; 2.79e-04; 3.13e-04; 3.48e-04; 3.83e-04; 4.18e-04; 4.53e-04; 4.88e-04; 5.22e-04; 5.57e-04; 5.92e-04; 6.27e-04; 6.62e-04; 6.96e-04; 7.31e-04; 7.66e-04; 8.01e-04; 8.36e-04; 8.71e-04; 9.05e-04; 9.40e-04; 9.75e-04; 1.01e-03; 1.04e-03; 1.08e-03; 1.11e-03; 1.15e-03; 1.18e-03; 1.22e-03; 1.25e-03; 1.29e-03; 1.32e-03; 1.36e-03; 1.39e-03; 1.43e-03; 1.46e-03; 1.50e-03; 1.53e-03; 1.57e-03; 1.60e-03; 1.64e-03; 1.67e-03; 1.71e-03; 1.74e-03; 1.78e-03; 1.81e-03; 1.85e-03; 1.88e-03; 1.92e-03; 1.95e-03; 1.98e-03; 2.02e-03; 2.05e-03; 2.09e-03; 2.12e-03; 2.16e-03; 2.19e-03; 2.23e-03,"24,24,24,24,24,24,24,24,24,24,24,24,24,24,24,24,24,24,24,24,24,24,24,24,24,24,24,24,24,24,24,24,24,24,24,24,24,24,24,24,24,24,24,24,24,24,24,24,24,24,24,24,24,24,24,24,24,24,24,24,24,24,24,24"
1489,0.21,0.13,"0.00,0.00,0.01,0.01,0.02,0.02,0.03,0.04,0.05,0.06,0.07,0.09,0.10,0.11,0.13,0.14,0.16,0.17,0.19,0.21,0.23,0.25,0.27,0.29,0.31,0.33,0.35,0.37,0.40,0.42,0.44,0.46,0.48,0.50,0.52,0.55,0.58,0.60,0.62,0.64,0.66,0.68,0.71,0.73,0.76,0.78,0.80,0.82,0.84,0.86,0.89,0.91,0.94,0.96,0.98,0.99,1.01,1.04,1.06,1.09,1.11,1.13,1.15,1.17","1.05e-05,7.11e-10,3.80e-10,1.68e-10","1,1,1,1",1.30e-05; 2.60e-05; 3.90e-05; 5.20e-05; 6.50e-05; 7.80e-05; 9.10e-05; 1.04e-04; 1.17e-04; 1.30e-04; 1.43e-04; 1.56e-04; 1.69e-04; 1.82e-04; 1.95e-04; 2.08e-04; 2.21e-04; 2.34e-04; 2.47e-04; 2.60e-04; 2.73e-04; 2.86e-04; 2.99e-04; 3.12e-04; 3.25e-04; 3.38e-04; 3.51e-04; 3.64e-04; 3.77e-04; 3.90e-04; 4.03e-04; 4.16e-04; 4.29e-04; 4.42e-04; 4.55e-04; 4.68e-04; 4.81e-04; 4.94e-04; 5.07e-04; 5.20e-04; 5.33e-04; 5.46e-04; 5.59e-04; 5.72e-04; 5.85e-04; 5.98e-04; 6.11e-04; 6.24e-04; 6.37e-04; 6.50e-04; 6.63e-04; 6.76e-04; 6.89e-04; 7.02e-04; 7.15e-04; 7.28e-04; 7.41e-04; 7.54e-04; 7.67e-04; 7.80e-04; 7.93e-04; 8.06e-04; 8.19e-04; 8.32e-04,"15,15,15,15,15,15,15,15,15,15,15,15,15,15,15,15,15,15,15,15,15,15,15,15,15,15,15,15,15,15,15,15,15,15,15,15,15,15,15,15,15,15,15,15,15,15,15,15,15,15,15,15,15,15,15,15,15,15,15,15,15,15,15,15"
1490,2.00,1.82,"0.03,0.13,0.26,0.40,0.55,0.70,0.85,0.98,1.10,1.25,1.41,1.56,1.71,1.84,1.96,2.06,2.15,2.26,2.38,2.50,2.61,2.71,2.81,2.89,2.97,3.06,3.15,3.24,3.33,3.42,3.50,3.57,3.64,3.72,3.79,3.87,3.94,4.01,4.08,4.14,4.21,4.27,4.33,4.40,4.46,4.52,4.58,4.64,4.69,4.75,4.80,4.86,4.91,4.97,5.02,5.07,5.12,5.17,5.21,5.26,5.31,5.36,5.41,5.45","2.35e-04,9.26e-09,5.49e-09,4.13e-09","5,5,5,5","2.91e-04; 5.83e-04; 8.74e-04; 1.17e-03; 1.46e-03; 1.75e-03; 2.04e-03; 2.33e-03; 2.62e-03; 2.91e-03; 3.20e-03; 3.50e-03; 3.79e-03; 4.08e-03; 4.37e-03; 4.66e-03; 4.95e-03; 5.24e-03; 5.54e-03; 5.83e-03; 6.12e-03; 6.35e-03,5.98e-05; 6.49e-03,2.10e-04; 6.59e-03,4.01e-04; 6.53e-03,7.49e-04; 6.71e-03,8.64e-04; 6.97e-03,9.00e-04; 7.25e-03,9.09e-04; 7.50e-03,9.51e-04; 7.68e-03,1.06e-03; 7.81e-03,1.22e-03; 7.91e-03,1.41e-03; 8.05e-03,1.57e-03; 8.23e-03,1.67e-03; 8.48e-03,1.72e-03; 8.75e-03,1.74e-03; 8.99e-03,1.79e-03; 9.18e-03,1.89e-03; 9.32e-03,2.04e-03; 9.45e-03,2.21e-03; 9.60e-03,2.35e-03; 9.79e-03,2.44e-03; 1.00e-02,2.49e-03; 1.03e-02,2.52e-03; 1.05e-02,2.58e-03; 1.07e-02,2.68e-03; 1.09e-02,2.81e-03; 1.10e-02,2.98e-03; 1.12e-02,3.10e-03; 1.14e-02,3.20e-03; 1.16e-02,3.24e-03; 1.19e-02,3.28e-03; 1.21e-02,3.34e-03; 1.23e-02,3.44e-03; 1.24e-02,3.58e-03; 1.26e-02,3.73e-03; 1.28e-02,3.85e-03; 1.30e-02,3.94e-03; 1.32e-02,3.99e-03; 1.34e-02,4.03e-03; 1.37e-02,4.09e-03; 1.39e-02,4.20e-03; 1.40e-02,4.34e-03; 1.42e-02,4.49e-03","32,32,32,32,32,32,32,32,32,32,32,32,32,32,32,32,32,32,32,32,32,32,32,32,32,32,32,32,32,32,32,32,32,32,32,32,32,32,32,32,32,32,32,32,32,32,32,32,32,32,32,32,32,32,32,32,32,32,32,32,32,32,32,32"
1491,1.81,1.49,"0.04,0.16,0.31,0.47,0.62,0.76,0.89,1.02,1.18,1.35,1.52,1.67,1.80,1.92,2.03,2.13,2.24,2.37,2.49,2.61,2.71,2.80,2.88,2.96,3.06,3.16,3.26,3.35,3.43,3.51,3.58,3.65,3.73,3.81,3.89,3.97,4.03,4.10,4.16,4.22,4.29,4.36,4.43,4.49,4.55,4.61,4.66,4.72,4.78,4.84,4.89,4.95,5.00,5.05,5.10,5.14,5.20,5.25,5.30,5.35,5.39,5.44,5.48,5.52","1.92e-04,8.08e-09,4.19e-09,3.72e-09","1,1,1,1","2.38e-04; 4.75e-04; 7.13e-04; 9.51e-04; 1.19e-03; 1.43e-03; 1.66e-03; 1.90e-03; 2.14e-03; 2.38e-03; 2.62e-03; 2.85e-03; 3.09e-03; 3.33e-03; 3.57e-03; 3.80e-03; 4.04e-03; 4.28e-03; 4.52e-03; 4.75e-03; 4.99e-03; 5.13e-03,1.03e-04; 5.23e-03,2.38e-04; 5.33e-03,3.73e-04; 5.33e-03,6.13e-04; 5.51e-03,6.71e-04; 5.72e-03,7.01e-04; 5.91e-03,7.42e-04; 6.08e-03,8.19e-04; 6.19e-03,9.37e-04; 6.29e-03,1.08e-03; 6.40e-03,1.21e-03; 6.55e-03,1.29e-03; 6.73e-03,1.35e-03; 6.93e-03,1.39e-03; 7.12e-03,1.44e-03; 7.29e-03,1.51e-03; 7.42e-03,1.61e-03; 7.54e-03,1.73e-03; 7.66e-03,1.85e-03; 7.82e-03,1.93e-03; 8.00e-03,1.99e-03; 8.19e-03,2.03e-03; 8.38e-03,2.08e-03; 8.55e-03,2.15e-03; 8.69e-03,2.25e-03; 8.81e-03,2.36e-03; 8.95e-03,2.47e-03; 9.11e-03,2.54e-03; 9.28e-03,2.60e-03; 9.48e-03,2.65e-03; 9.66e-03,2.70e-03; 9.83e-03,2.77e-03; 9.97e-03,2.87e-03; 1.01e-02,2.97e-03; 1.02e-02,3.08e-03; 1.04e-02,3.15e-03; 1.06e-02,3.21e-03; 1.08e-02,3.26e-03; 1.09e-02,3.32e-03; 1.11e-02,3.39e-03; 1.13e-02,3.49e-03; 1.14e-02,3.59e-03; 1.15e-02,3.69e-03","33,33,33,33,33,33,33,33,33,33,33,33,33,33,33,33,33,33,33,33,33,33,33,33,33,33,33,33,33,33,33,33,33,33,33,33,33,33,33,33,33,33,33,33,33,33,33,33,33,33,33,33,33,33,33,33,33,33,33,33,33,33,33,33"
